"","year","plot","CTI","CPI","Site"
"1",2007,203,16.0269966586942,430.453705894554,"Carrizo"
"2",2007,205,17.2206980396726,384.287706612851,"Carrizo"
"3",2007,206,16.4940123474737,501.790683538066,"Carrizo"
"4",2007,207,17.6176125244618,270.279004752586,"Carrizo"
"5",2007,211,16.4477643632888,511.90198659522,"Carrizo"
"6",2007,214,18.2081649127023,236.529199017622,"Carrizo"
"7",2007,217,16.7621586806676,374.520580976688,"Carrizo"
"8",2007,303,16.794107640311,456.075143327871,"Carrizo"
"9",2007,305,16.8266755829085,441.617708832909,"Carrizo"
"10",2007,306,15.690117200876,605.849566461396,"Carrizo"
"11",2007,307,16.4952573432295,501.066776679491,"Carrizo"
"12",2007,309,16.0834621342481,567.557735522343,"Carrizo"
"13",2007,311,16.6068725386504,494.443126440917,"Carrizo"
"14",2007,312,16.6278244859804,497.412093083811,"Carrizo"
"15",2007,315,13.195713370443,625.771943363945,"Carrizo"
"16",2007,319,17.4325874684261,392.850302310037,"Carrizo"
"17",2007,403,15.2993685496324,493.803055306318,"Carrizo"
"18",2007,405,17.33933242907,397.196150270901,"Carrizo"
"19",2007,407,18.475,205,"Carrizo"
"20",2007,408,16.8953980278214,434.603929293573,"Carrizo"
"21",2007,409,17.5267143593146,375.224537584941,"Carrizo"
"22",2007,411,16.7529113419379,451.259202101829,"Carrizo"
"23",2007,416,16.392456558921,511.529698557377,"Carrizo"
"24",2007,417,17.0205865410492,358.084638362398,"Carrizo"
"25",2007,503,16.4312632619264,499.408989770274,"Carrizo"
"26",2007,506,13.762093845199,629.855586580462,"Carrizo"
"27",2007,509,18.3804417743283,215.940795374242,"Carrizo"
"28",2007,510,15.702995251393,504.477215278752,"Carrizo"
"29",2007,512,14.0700286195597,554.695890266133,"Carrizo"
"30",2007,518,16.8634940280692,427.007408985627,"Carrizo"
"31",2007,602,16.5634862849593,485.151170105018,"Carrizo"
"32",2007,603,16.747961248025,482.979201715852,"Carrizo"
"33",2007,604,16.9416425432676,427.776611920549,"Carrizo"
"34",2007,605,14.837934810424,501.279658771753,"Carrizo"
"35",2007,608,17.1985208698889,383.278504209312,"Carrizo"
"36",2007,609,16.9873590638224,421.828266629887,"Carrizo"
"37",2007,611,16.6299210592892,422.964706622865,"Carrizo"
"38",2007,613,16.8178054084877,456.65502942097,"Carrizo"
"39",2007,614,17.1223519296472,407.615628897622,"Carrizo"
"40",2007,615,16.1924566689815,538.64237278706,"Carrizo"
"41",2007,705,17.3725882098368,362.266849379501,"Carrizo"
"42",2007,715,16.5914827490227,472.414394333322,"Carrizo"
"43",2007,716,15.5714680894369,620.80220276551,"Carrizo"
"44",2007,717,16.2954420553229,465.154292208252,"Carrizo"
"45",2007,719,15.68456387405,521.96219938542,"Carrizo"
"46",2007,805,15.7708685393908,489.058139466431,"Carrizo"
"47",2007,809,15.9382182525794,566.941023311894,"Carrizo"
"48",2007,812,18.5200742729583,294.884790877014,"Carrizo"
"49",2007,813,14.1589476360566,577.530490158403,"Carrizo"
"50",2007,816,15.6353458259932,615.2500610195,"Carrizo"
"51",2007,817,17.2352474126086,418.98014647529,"Carrizo"
"52",2007,903,16.6443358189984,484.720566304004,"Carrizo"
"53",2007,904,16.0244103552362,552.439249172316,"Carrizo"
"54",2007,910,16.4604258103928,506.505780368033,"Carrizo"
"55",2007,912,13.6349094122846,573.510510700082,"Carrizo"
"56",2007,916,14.8169020510781,489.23475149232,"Carrizo"
"57",2007,917,18.3552179343034,220.059249558609,"Carrizo"
"58",2007,1002,16.8255641966862,438.716058822911,"Carrizo"
"59",2007,1004,17.8535568304278,349.446359307885,"Carrizo"
"60",2007,1005,16.526291291787,504.463316070483,"Carrizo"
"61",2007,1006,16.1566499743443,542.101454975602,"Carrizo"
"62",2007,1011,16.6004153190961,472.823562226331,"Carrizo"
"63",2007,1013,16.0234468405804,561.791685365613,"Carrizo"
"64",2007,1014,17.2180630816305,413.988722758111,"Carrizo"
"65",2007,1015,16.3262556780531,520.893357214328,"Carrizo"
"66",2007,1104,16.0677605458971,541.45264224045,"Carrizo"
"67",2007,1111,15.2228175728512,522.430024826487,"Carrizo"
"68",2007,1112,15.888497300714,576.011835304721,"Carrizo"
"69",2007,1114,16.1994944561765,531.994998673385,"Carrizo"
"70",2007,1118,16.0803947683947,558.299198335635,"Carrizo"
"71",2007,1119,16.2515310404482,444.560607581967,"Carrizo"
"72",2007,1204,17.6242611876217,389.744076480235,"Carrizo"
"73",2007,1205,16.5997432605905,495.589858793325,"Carrizo"
"74",2007,1206,18.1690711877153,248.994894336841,"Carrizo"
"75",2007,1207,16.0177132132463,573.65190112025,"Carrizo"
"76",2007,1208,15.5756223088982,620.235193688994,"Carrizo"
"77",2007,1213,17.1539258426173,414.914171359269,"Carrizo"
"78",2007,1217,16.6369284578338,484.596026533828,"Carrizo"
"79",2007,1302,16.8282152962898,458.140683781607,"Carrizo"
"80",2007,1304,15.5184661207923,628.419790398721,"Carrizo"
"81",2007,1307,15.530129336223,619.838619880814,"Carrizo"
"82",2007,1310,16.7970969966266,463.42013186283,"Carrizo"
"83",2007,1312,16.528298585482,479.267524178138,"Carrizo"
"84",2007,1318,16.6559985977888,385.022693935359,"Carrizo"
"85",2007,1319,18.475,205,"Carrizo"
"86",2007,1402,16.8358013774859,472.129269820613,"Carrizo"
"87",2007,1405,17.9250638281538,270.159737847231,"Carrizo"
"88",2007,1412,17.3306590143894,398.465371581684,"Carrizo"
"89",2007,1413,17.8409971190882,344.929143103758,"Carrizo"
"90",2007,1415,15.9495498294299,570.003566674093,"Carrizo"
"91",2007,1416,16.6084026041468,492.931312222848,"Carrizo"
"92",2007,1419,17.5779462899819,332.971522703331,"Carrizo"
"93",2007,1504,16.4865416922476,509.999681168722,"Carrizo"
"94",2007,1506,16.4258248367816,510.495949763168,"Carrizo"
"95",2007,1507,16.7433304326051,454.13334319886,"Carrizo"
"96",2007,1509,16.3988177909989,521.791385555612,"Carrizo"
"97",2007,1510,17.4401062384309,396.886372054996,"Carrizo"
"98",2007,1511,17.723520637491,339.415565156324,"Carrizo"
"99",2007,1512,16.9874804303678,444.384325666968,"Carrizo"
"100",2007,1516,16.1239309378007,549.360873206137,"Carrizo"
"101",2007,1517,16.3175920375329,522.241906664358,"Carrizo"
"102",2007,1602,18.1272368883017,255.021352438891,"Carrizo"
"103",2007,1605,17.6807790483113,318.398304518847,"Carrizo"
"104",2007,1609,16.2503897281294,522.358693230815,"Carrizo"
"105",2007,1611,17.9686238907081,279.831859422443,"Carrizo"
"106",2007,1616,16.5956921834175,483.056582666722,"Carrizo"
"107",2007,1618,15.6103801340233,624.224636912039,"Carrizo"
"108",2007,1619,15.5370107424268,502.353828645202,"Carrizo"
"109",2007,1703,17.7514284744363,362.139123051991,"Carrizo"
"110",2007,1704,15.5956770947472,620.417521282211,"Carrizo"
"111",2007,1705,15.2827974844818,661.586832086037,"Carrizo"
"112",2007,1715,16.381464782995,533.281782077556,"Carrizo"
"113",2007,1716,16.3345124042434,379.963489297216,"Carrizo"
"114",2007,1719,15.4017150305684,646.144324919679,"Carrizo"
"115",2007,1804,16.3572491877135,514.37706997219,"Carrizo"
"116",2007,1805,15.8923285629809,425.683795321657,"Carrizo"
"117",2007,1808,18.4451467241908,218.843772567302,"Carrizo"
"118",2007,1810,14.1828205481204,573.779235934693,"Carrizo"
"119",2007,1813,17.0889376231463,406.416442224516,"Carrizo"
"120",2007,1818,18.5228616316089,279.847450635574,"Carrizo"
"121",2007,1903,18.4075505193336,214.638132455779,"Carrizo"
"122",2007,1904,14.6784799805357,559.069907700406,"Carrizo"
"123",2007,1905,15.3750348502296,649.647575123834,"Carrizo"
"124",2007,1907,16.5743984425227,489.176590159839,"Carrizo"
"125",2007,1910,16.4180158648702,509.545014442574,"Carrizo"
"126",2007,1911,15.9593866902802,572.072907593837,"Carrizo"
"127",2007,1917,15.8790813070639,576.001075038622,"Carrizo"
"128",2008,203,16.0452398055702,468.40418462327,"Carrizo"
"129",2008,205,17.1411912246275,344.446867549646,"Carrizo"
"130",2008,206,16.4738223357894,490.021374343308,"Carrizo"
"131",2008,207,16.4739876039373,380.416140315539,"Carrizo"
"132",2008,211,16.187958135472,527.509156735779,"Carrizo"
"133",2008,214,16.8085529647313,391.810853586587,"Carrizo"
"134",2008,217,16.8050848978651,449.565920964114,"Carrizo"
"135",2008,303,17.3531532781254,355.434013610826,"Carrizo"
"136",2008,305,16.7142768692399,432.015829109077,"Carrizo"
"137",2008,306,17.1007250575584,415.226589878194,"Carrizo"
"138",2008,307,17.4517154090122,378.30413026649,"Carrizo"
"139",2008,309,16.8791990033487,443.194195680084,"Carrizo"
"140",2008,311,16.5074160689396,484.753813057599,"Carrizo"
"141",2008,312,17.0496938808611,411.598890657813,"Carrizo"
"142",2008,315,15.0958351467635,516.944843240883,"Carrizo"
"143",2008,319,17.2847745624023,382.378607564236,"Carrizo"
"144",2008,403,16.4604502654438,451.620301311666,"Carrizo"
"145",2008,405,16.8659869440009,404.689342742693,"Carrizo"
"146",2008,407,16.8282989734359,425.497817801971,"Carrizo"
"147",2008,408,16.6125846675475,450.305179544805,"Carrizo"
"148",2008,409,16.8595334284303,375.752653534522,"Carrizo"
"149",2008,411,16.812384961822,435.887787364989,"Carrizo"
"150",2008,416,16.7546258634299,455.319366343845,"Carrizo"
"151",2008,417,16.1912909727158,425.0561197741,"Carrizo"
"152",2008,503,16.7886998078457,451.407289410858,"Carrizo"
"153",2008,506,14.1878453345773,577.515668765388,"Carrizo"
"154",2008,509,17.2870400432147,340.340789274073,"Carrizo"
"155",2008,510,15.9461218807659,472.583202869419,"Carrizo"
"156",2008,512,14.4024466713862,559.73265364314,"Carrizo"
"157",2008,518,16.7570374598804,400.980711242317,"Carrizo"
"158",2008,602,16.9694638978033,440.03349788654,"Carrizo"
"159",2008,603,17.2544296408281,394.77547050748,"Carrizo"
"160",2008,604,16.9403133536015,423.121877627086,"Carrizo"
"161",2008,605,14.8731724333912,535.742019523301,"Carrizo"
"162",2008,608,17.0759306434002,373.744901402378,"Carrizo"
"163",2008,609,16.8268646634232,453.589826284214,"Carrizo"
"164",2008,611,17.1489106562956,335.416616615271,"Carrizo"
"165",2008,613,16.9413462103344,442.851265589648,"Carrizo"
"166",2008,614,16.7166736996641,459.322217224414,"Carrizo"
"167",2008,615,16.5139089647975,478.508778740433,"Carrizo"
"168",2008,705,16.5439915198271,445.722505948342,"Carrizo"
"169",2008,715,17.0508195713219,414.861989127941,"Carrizo"
"170",2008,716,16.8715816849652,428.195534159468,"Carrizo"
"171",2008,717,16.9809442231517,375.912867252604,"Carrizo"
"172",2008,719,16.3130749673912,464.981439768865,"Carrizo"
"173",2008,805,16.6403989149964,443.228253574972,"Carrizo"
"174",2008,809,16.7433051382086,438.286341881481,"Carrizo"
"175",2008,812,17.0739558508576,395.339154077647,"Carrizo"
"176",2008,813,14.7615198448498,544.306006134524,"Carrizo"
"177",2008,816,16.6265864232394,470.863896337696,"Carrizo"
"178",2008,817,16.9353656013485,409.771325164229,"Carrizo"
"179",2008,903,17.2686577239803,413.778375916485,"Carrizo"
"180",2008,904,16.775539612485,450.1377870597,"Carrizo"
"181",2008,910,16.7977856947181,458.053711639154,"Carrizo"
"182",2008,912,15.0193623365158,495.029346083015,"Carrizo"
"183",2008,916,15.1078909216616,502.089186569536,"Carrizo"
"184",2008,917,17.0853552146659,354.073883187138,"Carrizo"
"185",2008,1002,16.7726183795954,417.367470743667,"Carrizo"
"186",2008,1004,17.2536664486796,326.648894002646,"Carrizo"
"187",2008,1005,16.4711900526041,493.732951992199,"Carrizo"
"188",2008,1006,16.8448636259392,438.92784637993,"Carrizo"
"189",2008,1011,16.7295609958984,427.625768054953,"Carrizo"
"190",2008,1013,16.9930423434589,436.306853670047,"Carrizo"
"191",2008,1014,16.5155531610471,488.578744835784,"Carrizo"
"192",2008,1015,16.8330360610977,430.522989432972,"Carrizo"
"193",2008,1104,16.741895374062,441.730205401666,"Carrizo"
"194",2008,1111,15.7063252293812,476.378714972819,"Carrizo"
"195",2008,1112,16.9084228994581,437.047990725979,"Carrizo"
"196",2008,1114,17.1910234367856,403.583872737194,"Carrizo"
"197",2008,1118,16.5056366505359,464.151721890049,"Carrizo"
"198",2008,1119,16.4672021577857,442.157283248104,"Carrizo"
"199",2008,1204,17.2197481134226,411.989776461422,"Carrizo"
"200",2008,1205,16.6486549546246,463.154569500815,"Carrizo"
"201",2008,1206,17.1842867602053,396.150485203947,"Carrizo"
"202",2008,1207,17.1043301571474,424.11719015435,"Carrizo"
"203",2008,1208,16.6644550499819,429.585077192774,"Carrizo"
"204",2008,1213,16.723101208717,431.854414217437,"Carrizo"
"205",2008,1217,16.6356345307215,471.79594366179,"Carrizo"
"206",2008,1302,16.7690547539704,395.11087901916,"Carrizo"
"207",2008,1304,16.264561763381,484.015024391511,"Carrizo"
"208",2008,1307,16.5279070683836,476.3771088186,"Carrizo"
"209",2008,1310,17.1667400633842,416.792288700903,"Carrizo"
"210",2008,1312,16.8599577821854,350.994393927095,"Carrizo"
"211",2008,1318,15.8017437892874,473.414231522235,"Carrizo"
"212",2008,1319,18.029325090672,239.331029572117,"Carrizo"
"213",2008,1402,17.2663272197013,401.704459247814,"Carrizo"
"214",2008,1405,16.9109299989454,421.572469435903,"Carrizo"
"215",2008,1412,16.7416777137269,407.319057663416,"Carrizo"
"216",2008,1413,17.7332082437576,350.531233777624,"Carrizo"
"217",2008,1415,16.7455854777843,437.728662141297,"Carrizo"
"218",2008,1416,16.847024941695,408.976541482862,"Carrizo"
"219",2008,1419,17.1318439341322,337.133890553423,"Carrizo"
"220",2008,1504,16.6815912538846,468.256836399218,"Carrizo"
"221",2008,1506,16.6981805646016,435.189972730256,"Carrizo"
"222",2008,1507,17.3001705943445,413.181305945093,"Carrizo"
"223",2008,1509,17.190870538695,361.99686593933,"Carrizo"
"224",2008,1510,16.9675450070875,415.60787349267,"Carrizo"
"225",2008,1511,16.8430579724331,399.390908296841,"Carrizo"
"226",2008,1512,16.8341816292951,465.718756051856,"Carrizo"
"227",2008,1516,16.6019640351457,475.112394542328,"Carrizo"
"228",2008,1517,16.5383947286744,477.579644953363,"Carrizo"
"229",2008,1602,17.045391942445,355.459100921707,"Carrizo"
"230",2008,1605,17.1998147937334,346.04122713959,"Carrizo"
"231",2008,1609,16.9801766390225,376.831118404833,"Carrizo"
"232",2008,1611,17.0403918557774,416.909312283254,"Carrizo"
"233",2008,1616,16.8631655870199,455.376518963859,"Carrizo"
"234",2008,1618,16.6300346245857,427.701164308041,"Carrizo"
"235",2008,1619,15.5329785664303,491.67505478316,"Carrizo"
"236",2008,1703,18.0878185359022,311.431826577761,"Carrizo"
"237",2008,1704,16.2207984583686,496.067197303676,"Carrizo"
"238",2008,1705,16.5690449543304,476.382387408625,"Carrizo"
"239",2008,1715,16.5642121374917,476.673888279448,"Carrizo"
"240",2008,1716,17.0145297333906,343.298161258189,"Carrizo"
"241",2008,1719,17.3845301144313,396.851547812585,"Carrizo"
"242",2008,1804,16.9446270087926,453.211236440795,"Carrizo"
"243",2008,1805,16.0116221445799,458.980336580159,"Carrizo"
"244",2008,1808,17.4642938114864,361.874510816235,"Carrizo"
"245",2008,1810,16.246875634381,466.563488260078,"Carrizo"
"246",2008,1813,16.748960778737,417.757303287979,"Carrizo"
"247",2008,1818,17.6881802518999,317.335693159535,"Carrizo"
"248",2008,1903,17.4208327289452,326.631345489465,"Carrizo"
"249",2008,1904,15.3370681731047,522.373331528081,"Carrizo"
"250",2008,1905,16.3786812077336,506.206740138359,"Carrizo"
"251",2008,1907,17.029722084832,405.162637556386,"Carrizo"
"252",2008,1910,16.6339631739301,463.17144198624,"Carrizo"
"253",2008,1911,16.6789030846191,453.026515358003,"Carrizo"
"254",2008,1917,16.620350863777,452.19101628997,"Carrizo"
"255",2009,203,16.1265212372289,479.69062194244,"Carrizo"
"256",2009,205,16.8698556479156,393.264869770221,"Carrizo"
"257",2009,206,16.5781227424637,472.442262965096,"Carrizo"
"258",2009,207,16.5040174360089,373.793177482505,"Carrizo"
"259",2009,211,15.9205099610838,551.812527446222,"Carrizo"
"260",2009,214,16.9194872587943,389.867200243949,"Carrizo"
"261",2009,217,16.8098818005377,452.480316850303,"Carrizo"
"262",2009,303,17.1401473369925,332.929704053075,"Carrizo"
"263",2009,305,16.6400266474687,441.060755314914,"Carrizo"
"264",2009,306,16.7875123415462,467.061938567665,"Carrizo"
"265",2009,307,16.8983603270222,411.961425835521,"Carrizo"
"266",2009,309,16.7899378267256,432.314289677284,"Carrizo"
"267",2009,311,16.0604171911605,540.656315739402,"Carrizo"
"268",2009,312,16.4653744351951,490.19805914753,"Carrizo"
"269",2009,315,14.7765629238658,544.164142473728,"Carrizo"
"270",2009,319,16.6919695134728,404.67112962645,"Carrizo"
"271",2009,403,15.6943191692847,496.326591324465,"Carrizo"
"272",2009,405,16.5284342093328,410.338907595341,"Carrizo"
"273",2009,407,16.7630992530387,411.675564670113,"Carrizo"
"274",2009,408,16.4194398899348,462.335705691813,"Carrizo"
"275",2009,409,16.7410754086295,391.23754604954,"Carrizo"
"276",2009,411,16.3607043181183,466.224390668198,"Carrizo"
"277",2009,416,16.6612579963178,480.09913894725,"Carrizo"
"278",2009,417,15.9126708404345,460.303572504933,"Carrizo"
"279",2009,503,16.6303779667496,469.621082982287,"Carrizo"
"280",2009,506,14.1323342153849,585.513638515356,"Carrizo"
"281",2009,509,17.0411212058848,380.221906586578,"Carrizo"
"282",2009,510,16.5687046223071,438.113205006951,"Carrizo"
"283",2009,512,14.1035247087756,573.594765462436,"Carrizo"
"284",2009,518,16.6390274646156,407.477369465622,"Carrizo"
"285",2009,602,16.4852987454317,498.813052717269,"Carrizo"
"286",2009,603,17.392480362834,390.389875232466,"Carrizo"
"287",2009,604,16.8484683742056,430.818907289805,"Carrizo"
"288",2009,605,14.2769937369927,557.66163000263,"Carrizo"
"289",2009,608,16.587563257905,401.460959797375,"Carrizo"
"290",2009,609,16.7743543398506,447.650340210782,"Carrizo"
"291",2009,611,16.9073015391218,366.731206175296,"Carrizo"
"292",2009,613,16.6252247225379,489.378834513713,"Carrizo"
"293",2009,614,16.3123940599828,497.52237550394,"Carrizo"
"294",2009,615,16.1580828734708,527.586520009322,"Carrizo"
"295",2009,705,16.0669649062015,478.68598454597,"Carrizo"
"296",2009,715,17.0936211498998,385.058203386725,"Carrizo"
"297",2009,716,16.7706539360139,451.363243564057,"Carrizo"
"298",2009,717,16.7764277087136,411.441873585411,"Carrizo"
"299",2009,719,16.051631815018,475.613694906608,"Carrizo"
"300",2009,805,16.1577821613936,481.200812072999,"Carrizo"
"301",2009,809,16.1634742828864,506.595385663321,"Carrizo"
"302",2009,812,17.0526689280584,421.858784126766,"Carrizo"
"303",2009,813,14.8367367865171,534.842845205962,"Carrizo"
"304",2009,816,16.5100570497996,493.512239328928,"Carrizo"
"305",2009,817,16.8949664063451,401.143270758682,"Carrizo"
"306",2009,903,16.8667885238244,451.279986904222,"Carrizo"
"307",2009,904,16.4610829710675,481.098521476019,"Carrizo"
"308",2009,910,16.7775887622934,454.398935601907,"Carrizo"
"309",2009,912,14.4059266332911,536.207771482537,"Carrizo"
"310",2009,916,14.8055377973687,513.128485581314,"Carrizo"
"311",2009,917,17.1543188645113,320.435700031477,"Carrizo"
"312",2009,1002,16.0476595590533,494.147590984501,"Carrizo"
"313",2009,1004,16.9446484174136,373.56492434997,"Carrizo"
"314",2009,1005,16.5870561573542,479.238530765974,"Carrizo"
"315",2009,1006,16.3880733761246,459.492163012012,"Carrizo"
"316",2009,1011,16.4966416970974,450.280753783268,"Carrizo"
"317",2009,1013,17.1714714243735,403.660555055216,"Carrizo"
"318",2009,1014,15.9844877618408,549.862554667404,"Carrizo"
"319",2009,1015,16.7010109657452,423.509270048188,"Carrizo"
"320",2009,1104,17.1209085539312,395.422170598115,"Carrizo"
"321",2009,1111,15.0514282077711,511.610335666712,"Carrizo"
"322",2009,1112,16.4883102968831,478.796372367044,"Carrizo"
"323",2009,1114,16.2221833825172,504.041052042736,"Carrizo"
"324",2009,1118,16.3047875086133,483.663675380603,"Carrizo"
"325",2009,1119,13.6929282406153,585.819333834569,"Carrizo"
"326",2009,1204,17.0818966620613,428.953922354294,"Carrizo"
"327",2009,1205,16.7542445439232,453.565483938347,"Carrizo"
"328",2009,1206,16.8119653747531,425.528296297723,"Carrizo"
"329",2009,1207,16.4857520261333,489.444496483329,"Carrizo"
"330",2009,1208,16.5022308890136,425.420297000196,"Carrizo"
"331",2009,1213,16.6765096948135,414.390985536103,"Carrizo"
"332",2009,1217,16.395348041653,498.66096573865,"Carrizo"
"333",2009,1302,16.8642090339639,385.603552832893,"Carrizo"
"334",2009,1304,16.1918402935241,493.264433189487,"Carrizo"
"335",2009,1307,15.9631773721805,528.946437701836,"Carrizo"
"336",2009,1310,17.3156759839147,375.006906565663,"Carrizo"
"337",2009,1312,16.7715887440825,382.807645130248,"Carrizo"
"338",2009,1317,16.6568165880833,433.717163565889,"Carrizo"
"339",2009,1318,15.700831094517,476.841862950702,"Carrizo"
"340",2009,1319,17.438242581256,295.917776387471,"Carrizo"
"341",2009,1402,16.7442411307821,452.922452406951,"Carrizo"
"342",2009,1405,16.9087144816954,398.152544986372,"Carrizo"
"343",2009,1412,16.7450810723976,418.805677874445,"Carrizo"
"344",2009,1413,17.2640387906469,356.904176988947,"Carrizo"
"345",2009,1415,16.3016328711919,497.332211682991,"Carrizo"
"346",2009,1416,16.717384160131,420.868178957737,"Carrizo"
"347",2009,1419,16.9247706415003,374.529028622739,"Carrizo"
"348",2009,1504,16.5481884056311,495.336462787146,"Carrizo"
"349",2009,1506,16.5646774790364,445.120850621678,"Carrizo"
"350",2009,1507,16.7206954820628,467.364077726354,"Carrizo"
"351",2009,1509,16.8567113977774,416.181552933841,"Carrizo"
"352",2009,1510,16.5475983779073,429.970203816632,"Carrizo"
"353",2009,1511,16.7424903340513,382.751726927809,"Carrizo"
"354",2009,1512,16.1509428473198,535.617837268361,"Carrizo"
"355",2009,1516,16.4463712595607,488.03193865246,"Carrizo"
"356",2009,1517,16.4472783298644,487.380609549485,"Carrizo"
"357",2009,1602,16.8781966813537,358.0314869808,"Carrizo"
"358",2009,1605,17.2121894699715,341.066862430079,"Carrizo"
"359",2009,1609,16.74975970247,418.624552467023,"Carrizo"
"360",2009,1611,16.947940548998,417.435166130412,"Carrizo"
"361",2009,1616,17.2095758241109,420.709182637045,"Carrizo"
"362",2009,1618,16.3582760417713,486.752039883905,"Carrizo"
"363",2009,1619,16.5644623098292,417.132989110989,"Carrizo"
"364",2009,1703,17.2161429018489,357.119024075671,"Carrizo"
"365",2009,1704,16.694154440052,434.069593949874,"Carrizo"
"366",2009,1705,16.2493390558627,501.823856611351,"Carrizo"
"367",2009,1715,16.4050384477863,499.176137778749,"Carrizo"
"368",2009,1716,16.6725604427659,374.771244087364,"Carrizo"
"369",2009,1719,16.9174673791531,448.359015450006,"Carrizo"
"370",2009,1804,16.4068331959848,511.592959105968,"Carrizo"
"371",2009,1805,15.2823915825959,520.382543409506,"Carrizo"
"372",2009,1808,17.261625589238,377.506429945974,"Carrizo"
"373",2009,1810,15.5066577993228,509.948068546581,"Carrizo"
"374",2009,1813,16.8453702020981,418.701705186439,"Carrizo"
"375",2009,1818,17.3287260282694,340.22035056547,"Carrizo"
"376",2009,1903,17.3128562914728,336.235661141756,"Carrizo"
"377",2009,1904,15.1938857278154,554.916179813334,"Carrizo"
"378",2009,1905,15.9027816943505,554.618030694382,"Carrizo"
"379",2009,1907,17.6882884039011,336.551537733603,"Carrizo"
"380",2009,1910,16.5234943099327,479.162669755679,"Carrizo"
"381",2009,1911,16.4351285797849,474.376133916451,"Carrizo"
"382",2009,1917,16.2249628250331,500.31245948354,"Carrizo"
"383",2010,203,16.1818314219018,505.036293353634,"Carrizo"
"384",2010,205,16.5301594293045,436.04274954606,"Carrizo"
"385",2010,206,16.2078291693582,498.443689548285,"Carrizo"
"386",2010,207,16.6280011750452,401.196154768323,"Carrizo"
"387",2010,211,15.8973366946697,542.861653173572,"Carrizo"
"388",2010,214,17.1136802214417,396.672060230879,"Carrizo"
"389",2010,217,17.1459187010084,413.877928414504,"Carrizo"
"390",2010,303,17.3318331583917,363.038555468745,"Carrizo"
"391",2010,306,16.9072597751541,433.744485284015,"Carrizo"
"392",2010,307,16.7850089437669,440.544776291623,"Carrizo"
"393",2010,309,16.2141957235047,494.578528546699,"Carrizo"
"394",2010,311,16.0218726900504,539.018746557491,"Carrizo"
"395",2010,312,16.3606218031439,504.10801399372,"Carrizo"
"396",2010,315,15.015318516859,522.391472083149,"Carrizo"
"397",2010,319,16.6715423358794,436.469819378382,"Carrizo"
"398",2010,403,15.2799767406112,541.600218150884,"Carrizo"
"399",2010,405,16.7133501834349,431.099575618231,"Carrizo"
"400",2010,407,17.1940429793424,364.374950121221,"Carrizo"
"401",2010,408,16.2124614893253,524.671464492343,"Carrizo"
"402",2010,409,16.8773220396782,399.254216588982,"Carrizo"
"403",2010,411,16.5407317044741,448.00482513715,"Carrizo"
"404",2010,416,16.5430324681796,477.594461380438,"Carrizo"
"405",2010,417,16.2630432461018,448.975424997713,"Carrizo"
"406",2010,503,16.7302513959004,453.171932043956,"Carrizo"
"407",2010,506,14.9591953983862,536.407887191715,"Carrizo"
"408",2010,509,17.49945035643,333.286057082512,"Carrizo"
"409",2010,510,16.5108125149069,448.062806269548,"Carrizo"
"410",2010,512,14.5914949944809,551.665076794973,"Carrizo"
"411",2010,518,16.648122599192,409.019398006142,"Carrizo"
"412",2010,602,16.2216609839952,496.061084884142,"Carrizo"
"413",2010,603,16.9960431860503,403.368691870396,"Carrizo"
"414",2010,604,16.7970191262369,434.611989290007,"Carrizo"
"415",2010,605,14.6506345938686,537.338243564029,"Carrizo"
"416",2010,608,16.6713053755939,405.363924873773,"Carrizo"
"417",2010,609,16.4366439849073,489.837989667508,"Carrizo"
"418",2010,611,17.0825584703205,440.52660509493,"Carrizo"
"419",2010,613,16.5806199037047,489.7815572566,"Carrizo"
"420",2010,614,16.1835752682425,513.812382465695,"Carrizo"
"421",2010,615,16.1623301042652,521.366738487962,"Carrizo"
"422",2010,705,15.7882430364733,517.765933666366,"Carrizo"
"423",2010,715,17.5071992748627,349.917793928367,"Carrizo"
"424",2010,716,16.7057121000784,480.457687460159,"Carrizo"
"425",2010,717,14.8877853267346,511.83792346738,"Carrizo"
"426",2010,719,15.8093274408139,494.96488813729,"Carrizo"
"427",2010,805,15.5292919979798,553.613296530333,"Carrizo"
"428",2010,809,15.8471574207239,545.686574316774,"Carrizo"
"429",2010,812,16.7034450752048,454.499151971432,"Carrizo"
"430",2010,813,15.3034661768869,531.689119747808,"Carrizo"
"431",2010,816,15.4666910494116,626.886743653288,"Carrizo"
"432",2010,817,16.9065458444382,433.218740674148,"Carrizo"
"433",2010,903,17.0631408328438,421.264646364346,"Carrizo"
"434",2010,904,16.4975605752,443.448651331346,"Carrizo"
"435",2010,910,16.799216713749,454.487689333526,"Carrizo"
"436",2010,912,16.3644006776995,417.958508254101,"Carrizo"
"437",2010,916,14.7839060799289,509.325554555847,"Carrizo"
"438",2010,917,17.1567588700948,381.334070305176,"Carrizo"
"439",2010,1002,16.1394374082604,497.252350507079,"Carrizo"
"440",2010,1004,16.9765905069482,418.997706283587,"Carrizo"
"441",2010,1005,16.5594218739725,477.326239969458,"Carrizo"
"442",2010,1006,16.4154341462772,445.136464534209,"Carrizo"
"443",2010,1011,16.1070290174115,506.849896691397,"Carrizo"
"444",2010,1013,18.2057188579235,318.296885612053,"Carrizo"
"445",2010,1014,15.8100350111727,563.901691916441,"Carrizo"
"446",2010,1015,16.4181985304159,495.03438853051,"Carrizo"
"447",2010,1104,16.7593792826604,419.659714556512,"Carrizo"
"448",2010,1111,15.9083858459026,480.420987395659,"Carrizo"
"449",2010,1112,16.3591103003739,495.314461339847,"Carrizo"
"450",2010,1114,16.4923601621937,482.737396527175,"Carrizo"
"451",2010,1118,15.9516524727747,539.633754057237,"Carrizo"
"452",2010,1119,17.1004818472532,401.790260667946,"Carrizo"
"453",2010,1204,16.7372126333954,458.427555446834,"Carrizo"
"454",2010,1205,16.8513522894262,437.382796452842,"Carrizo"
"455",2010,1206,16.412798337323,489.336105805782,"Carrizo"
"456",2010,1207,16.5617415289985,468.586015270235,"Carrizo"
"457",2010,1208,16.4763782639131,441.045717124893,"Carrizo"
"458",2010,1213,16.6645156519336,430.529865004257,"Carrizo"
"459",2010,1217,16.2742610052128,481.436566276354,"Carrizo"
"460",2010,1302,16.6017761256351,413.771242262417,"Carrizo"
"461",2010,1304,16.3221288565152,472.0798631915,"Carrizo"
"462",2010,1307,15.542938878114,574.237069636817,"Carrizo"
"463",2010,1310,17.2976742924898,386.238573967897,"Carrizo"
"464",2010,1312,17.0934792353577,380.761297285049,"Carrizo"
"465",2010,1318,15.6005373911548,516.635192022599,"Carrizo"
"466",2010,1319,16.9413445154419,379.706634902874,"Carrizo"
"467",2010,1402,16.6059860209137,458.432726686825,"Carrizo"
"468",2010,1405,16.5743806489532,473.199960790058,"Carrizo"
"469",2010,1412,16.4550945636873,434.927904509042,"Carrizo"
"470",2010,1413,17.863231879629,332.000182800796,"Carrizo"
"471",2010,1415,16.5157394282431,438.378254505267,"Carrizo"
"472",2010,1416,16.3087404256306,495.436830672912,"Carrizo"
"473",2010,1419,16.4291213874307,468.290914962811,"Carrizo"
"474",2010,1504,16.3883912867649,469.443268849279,"Carrizo"
"475",2010,1506,16.291100347277,483.578623572412,"Carrizo"
"476",2010,1507,16.6543104118936,484.962541805786,"Carrizo"
"477",2010,1509,16.7266189927928,431.283210195942,"Carrizo"
"478",2010,1510,16.8132099350305,432.319021543613,"Carrizo"
"479",2010,1511,16.7617647962463,386.385088613141,"Carrizo"
"480",2010,1512,15.9221707603676,567.936306472944,"Carrizo"
"481",2010,1516,16.2368625355982,494.556066011277,"Carrizo"
"482",2010,1517,16.0839504430904,543.40321352058,"Carrizo"
"483",2010,1602,16.9680971379167,400.930084649382,"Carrizo"
"484",2010,1605,16.7822997346496,426.125434892084,"Carrizo"
"485",2010,1609,16.8679764369179,408.383288842722,"Carrizo"
"486",2010,1611,16.9824462638405,422.621099016158,"Carrizo"
"487",2010,1616,16.6591321158608,450.199783376973,"Carrizo"
"488",2010,1618,16.5737353959919,453.275642657693,"Carrizo"
"489",2010,1619,15.6920204256494,498.948033231391,"Carrizo"
"490",2010,1703,17.5603337861089,345.003617263135,"Carrizo"
"491",2010,1704,16.2501224001035,487.648973897868,"Carrizo"
"492",2010,1705,15.6771684646594,576.275344082788,"Carrizo"
"493",2010,1715,16.2607559240622,511.386974701041,"Carrizo"
"494",2010,1716,17.0860684157282,391.962445621711,"Carrizo"
"495",2010,1719,16.9228062598049,427.57286271175,"Carrizo"
"496",2010,1804,16.4730767612629,470.678444381576,"Carrizo"
"497",2010,1805,15.0806463978886,545.632746263681,"Carrizo"
"498",2010,1808,16.9526994693689,421.672515182591,"Carrizo"
"499",2010,1810,16.3033678515949,460.510338207551,"Carrizo"
"500",2010,1813,16.6828954928798,403.309842050288,"Carrizo"
"501",2010,1818,16.9681519446743,374.108938280308,"Carrizo"
"502",2010,1903,17.1978181637132,364.54147847173,"Carrizo"
"503",2010,1904,15.4847661651425,529.442599453292,"Carrizo"
"504",2010,1905,15.4419386945347,603.317563261931,"Carrizo"
"505",2010,1907,17.5611609306776,362.354467444305,"Carrizo"
"506",2010,1910,16.0402420998855,494.455765201738,"Carrizo"
"507",2010,1911,16.8059318180327,436.33304301372,"Carrizo"
"508",2010,1917,16.1014731641461,511.548430508831,"Carrizo"
"509",2011,203,17.3102689237865,378.670573629909,"Carrizo"
"510",2011,205,17.4152408783494,348.344706446475,"Carrizo"
"511",2011,206,16.5999784506179,475.701168685793,"Carrizo"
"512",2011,207,17.2901763044603,349.679777346957,"Carrizo"
"513",2011,211,16.3721089717533,480.172240927091,"Carrizo"
"514",2011,214,17.5874743961128,331.969296826931,"Carrizo"
"515",2011,217,17.3527288440688,387.232952057875,"Carrizo"
"516",2011,303,17.1806665127231,374.451643310263,"Carrizo"
"517",2011,305,16.5153862615451,485.947905085589,"Carrizo"
"518",2011,306,17.5988093542293,366.728107796625,"Carrizo"
"519",2011,307,17.2129732447565,409.248683810581,"Carrizo"
"520",2011,309,16.9266793359575,449.128670983268,"Carrizo"
"521",2011,311,15.3976595013423,637.564793857613,"Carrizo"
"522",2011,312,16.9342724727135,439.165694207284,"Carrizo"
"523",2011,315,15.0623101325287,520.266150483572,"Carrizo"
"524",2011,319,17.3481163455624,384.854879638089,"Carrizo"
"525",2011,403,16.2924618994657,470.563371757612,"Carrizo"
"526",2011,405,17.3573554674438,365.365461096453,"Carrizo"
"527",2011,407,18.0443759991638,263.028097315274,"Carrizo"
"528",2011,408,16.9011366825508,441.192857413302,"Carrizo"
"529",2011,409,16.9459291815633,369.063120172817,"Carrizo"
"530",2011,411,16.5098760248687,457.301711848515,"Carrizo"
"531",2011,416,16.7974239917263,446.350673887118,"Carrizo"
"532",2011,417,17.063815688209,367.824709179215,"Carrizo"
"533",2011,503,17.4168712409841,388.059853517239,"Carrizo"
"534",2011,506,15.0556560191826,538.955204906871,"Carrizo"
"535",2011,509,17.3196032521123,284.791617659075,"Carrizo"
"536",2011,510,16.8630528966963,418.51818575279,"Carrizo"
"537",2011,512,15.3898334927433,486.222872657932,"Carrizo"
"538",2011,518,17.4150835951253,371.087019162834,"Carrizo"
"539",2011,602,16.9370068131547,418.825672433221,"Carrizo"
"540",2011,603,16.7336458371178,441.948834755264,"Carrizo"
"541",2011,604,17.00094489244,420.577131311311,"Carrizo"
"542",2011,605,15.1114674917151,520.399733326251,"Carrizo"
"543",2011,608,17.8935448826965,331.051758402781,"Carrizo"
"544",2011,609,17.3229428500057,359.252379787695,"Carrizo"
"545",2011,611,17.229071075601,410.7203306431,"Carrizo"
"546",2011,613,16.719847853746,449.925208797841,"Carrizo"
"547",2011,614,16.4235684150813,479.833562483736,"Carrizo"
"548",2011,615,16.8062269252562,451.31868243153,"Carrizo"
"549",2011,705,16.8806470320969,389.462823039077,"Carrizo"
"550",2011,715,17.8568807965637,335.309547435272,"Carrizo"
"551",2011,716,17.1699954356504,424.325837174391,"Carrizo"
"552",2011,717,17.5449924486787,362.086976480664,"Carrizo"
"553",2011,719,16.2333049945264,448.341090593681,"Carrizo"
"554",2011,805,16.0445258988004,529.611772352002,"Carrizo"
"555",2011,809,15.9956061221699,527.647812325464,"Carrizo"
"556",2011,812,17.6868834256483,366.256898396166,"Carrizo"
"557",2011,813,15.2839355277448,533.799389528321,"Carrizo"
"558",2011,816,15.657163063886,610.814645607139,"Carrizo"
"559",2011,817,17.8743879469624,336.583827090545,"Carrizo"
"560",2011,903,17.3686744144304,394.147258603925,"Carrizo"
"561",2011,904,16.3223463221321,472.929916274671,"Carrizo"
"562",2011,910,17.3408343691821,395.895706800606,"Carrizo"
"563",2011,912,16.3552529479165,388.222803662217,"Carrizo"
"564",2011,916,15.8944209695871,435.553315055796,"Carrizo"
"565",2011,917,17.6876205575696,317.59703818177,"Carrizo"
"566",2011,1002,16.8539796334081,428.279685568944,"Carrizo"
"567",2011,1004,17.5103254155415,372.822972888335,"Carrizo"
"568",2011,1005,16.6555375772508,458.529462204776,"Carrizo"
"569",2011,1006,16.6369128652398,414.861807896252,"Carrizo"
"570",2011,1011,17.0282943316335,438.438755425743,"Carrizo"
"571",2011,1013,17.5895798749478,350.959389779393,"Carrizo"
"572",2011,1014,16.311219833086,526.03198577373,"Carrizo"
"573",2011,1015,16.9440230669886,433.489468325489,"Carrizo"
"574",2011,1104,16.6291519347096,487.762534695705,"Carrizo"
"575",2011,1111,16.085045450549,464.808698605477,"Carrizo"
"576",2011,1112,17.0103586529451,412.416994506815,"Carrizo"
"577",2011,1114,16.4485822297138,467.270640505097,"Carrizo"
"578",2011,1118,16.3916873600096,474.266989658428,"Carrizo"
"579",2011,1119,17.6100526262349,349.509833997479,"Carrizo"
"580",2011,1204,17.2380087974974,381.017994371419,"Carrizo"
"581",2011,1205,17.2158268622434,410.177513341731,"Carrizo"
"582",2011,1206,17.2259426407267,362.210478089156,"Carrizo"
"583",2011,1207,16.8164746252028,425.587832070961,"Carrizo"
"584",2011,1208,16.8720299437899,420.327558489474,"Carrizo"
"585",2011,1213,16.8075441946639,407.403373245735,"Carrizo"
"586",2011,1217,16.629408212435,449.946499188604,"Carrizo"
"587",2011,1302,17.5305121038438,362.262233498699,"Carrizo"
"588",2011,1304,17.1609659284816,409.754780661048,"Carrizo"
"589",2011,1307,16.1210242955553,515.120554675362,"Carrizo"
"590",2011,1310,17.55622456158,358.374485388857,"Carrizo"
"591",2011,1312,17.9274007321197,353.669113992333,"Carrizo"
"592",2011,1318,16.3505500464779,418.456720262096,"Carrizo"
"593",2011,1319,17.7687350204695,270.359079171473,"Carrizo"
"594",2011,1402,17.3196204157309,386.440159515854,"Carrizo"
"595",2011,1405,17.3655683446525,392.127649086204,"Carrizo"
"596",2011,1412,17.2380134482159,405.568189966076,"Carrizo"
"597",2011,1413,17.8099064205626,357.099423823032,"Carrizo"
"598",2011,1415,16.7936584203159,421.306396960816,"Carrizo"
"599",2011,1416,17.0350881593733,380.475620998919,"Carrizo"
"600",2011,1419,17.3649365377317,330.250357010544,"Carrizo"
"601",2011,1504,16.584995846273,450.468786291318,"Carrizo"
"602",2011,1506,16.5199098911698,464.413992825579,"Carrizo"
"603",2011,1507,17.277533831409,405.87620717319,"Carrizo"
"604",2011,1509,16.9974608089306,415.132145105962,"Carrizo"
"605",2011,1510,16.7411199918603,407.365968787514,"Carrizo"
"606",2011,1511,16.4256085280572,424.846144476413,"Carrizo"
"607",2011,1512,17.1189871349975,424.076792033083,"Carrizo"
"608",2011,1516,16.441557057441,503.411733725743,"Carrizo"
"609",2011,1517,16.0819540619431,548.144728622433,"Carrizo"
"610",2011,1602,17.1876383155409,304.003699336079,"Carrizo"
"611",2011,1605,18.2413540382256,243.625335556406,"Carrizo"
"612",2011,1609,17.175813974966,422.615932804255,"Carrizo"
"613",2011,1611,17.0292050868648,428.686502705268,"Carrizo"
"614",2011,1616,17.9458000372156,350.074459633331,"Carrizo"
"615",2011,1618,16.8796625062659,428.195582610373,"Carrizo"
"616",2011,1619,16.7707284351525,405.670100638081,"Carrizo"
"617",2011,1703,18.2447843869241,285.896560060209,"Carrizo"
"618",2011,1704,16.324694027558,507.64319368284,"Carrizo"
"619",2011,1705,15.9057409765824,542.925997802778,"Carrizo"
"620",2011,1715,16.8441656862485,464.504792183396,"Carrizo"
"621",2011,1716,16.9284877345251,395.534354415041,"Carrizo"
"622",2011,1719,17.0943424676762,429.516106616578,"Carrizo"
"623",2011,1804,16.9027557102992,395.390973522439,"Carrizo"
"624",2011,1805,16.1171094807215,410.686723326677,"Carrizo"
"625",2011,1808,17.9790330273089,285.823366369311,"Carrizo"
"626",2011,1810,16.4322632053413,477.627842368322,"Carrizo"
"627",2011,1813,16.6665986035497,432.660786087373,"Carrizo"
"628",2011,1818,17.2745604093517,365.106918453644,"Carrizo"
"629",2011,1903,17.4471636533701,349.767801979479,"Carrizo"
"630",2011,1904,16.2763116242516,470.170569366371,"Carrizo"
"631",2011,1905,15.3952389057985,641.061232948593,"Carrizo"
"632",2011,1907,18.0699206556762,325.726621648978,"Carrizo"
"633",2011,1910,16.4314081489991,466.759471150201,"Carrizo"
"634",2011,1911,17.596136837621,370.711227518581,"Carrizo"
"635",2011,1917,15.8494803424599,564.826132042975,"Carrizo"
"636",2011,2006,17.8549347091544,345.049177332116,"Carrizo"
"637",2012,203,17.461751500062,364.731806848125,"Carrizo"
"638",2012,205,17.8249935766065,287.000802752182,"Carrizo"
"639",2012,206,18.5091561520131,310.492146694162,"Carrizo"
"640",2012,207,17.2797070894787,378.501979613397,"Carrizo"
"641",2012,211,16.8366915335873,450.963904231228,"Carrizo"
"642",2012,214,17.2213934906448,384.132966854892,"Carrizo"
"643",2012,217,18.2090297937357,282.175935828877,"Carrizo"
"644",2012,303,18.142847607582,306.792313044617,"Carrizo"
"645",2012,305,16.9054047218215,432.922619089742,"Carrizo"
"646",2012,307,17.9787403709075,349.477209045349,"Carrizo"
"647",2012,309,18.8769811281347,251.225633522523,"Carrizo"
"648",2012,311,17.6969451641888,351.01064697286,"Carrizo"
"649",2012,312,17.2378073683731,415.660466400741,"Carrizo"
"650",2012,315,15.2192596602093,505.856926514897,"Carrizo"
"651",2012,319,18.0003945670078,323.535713318573,"Carrizo"
"652",2012,403,17.1065524174088,379.550166869327,"Carrizo"
"653",2012,405,17.5726422704434,351.311156654967,"Carrizo"
"654",2012,407,17.9462037673975,297.464063041918,"Carrizo"
"655",2012,408,16.9762393320083,457.596374161439,"Carrizo"
"656",2012,409,17.0542595966874,369.463876500287,"Carrizo"
"657",2012,411,17.0555344928944,394.13922209772,"Carrizo"
"658",2012,416,16.6763471822295,462.016865487454,"Carrizo"
"659",2012,417,17.4848554058384,391.117244220466,"Carrizo"
"660",2012,503,17.4771191433894,380.033234260831,"Carrizo"
"661",2012,506,14.821479150323,532.906388175036,"Carrizo"
"662",2012,509,17.8586908713632,295.340310468639,"Carrizo"
"663",2012,510,16.549895964739,449.544937650385,"Carrizo"
"664",2012,512,14.9447133637601,522.992491072549,"Carrizo"
"665",2012,518,17.4172227462895,377.18496193804,"Carrizo"
"666",2012,602,16.8078418664938,444.866493843163,"Carrizo"
"667",2012,603,17.5937982313839,405.594151115315,"Carrizo"
"668",2012,604,17.0416017488015,441.790159539038,"Carrizo"
"669",2012,605,14.2071093493373,575.118417498126,"Carrizo"
"670",2012,608,18.8236890404274,271.271025092352,"Carrizo"
"671",2012,609,17.681828310654,340.975661362109,"Carrizo"
"672",2012,611,17.5762949468832,381.309223456282,"Carrizo"
"673",2012,613,16.447677048377,510.348970914121,"Carrizo"
"674",2012,614,17.2455082964908,414.854728967653,"Carrizo"
"675",2012,615,18.6029962349682,292.781701175301,"Carrizo"
"676",2012,705,17.3255682851789,337.870133768161,"Carrizo"
"677",2012,715,17.4235983922519,362.315213460832,"Carrizo"
"678",2012,716,16.5600964727607,479.702247461196,"Carrizo"
"679",2012,717,16.8927625858593,408.383092102127,"Carrizo"
"680",2012,719,16.4084589732673,447.91597783209,"Carrizo"
"681",2012,805,16.4425845075289,454.919270088181,"Carrizo"
"682",2012,809,17.6042939337646,324.697172534694,"Carrizo"
"683",2012,812,19.3761904761905,219.893939393939,"Carrizo"
"684",2012,813,14.9409373598385,534.053673588618,"Carrizo"
"685",2012,816,15.6327425477474,611.029982760059,"Carrizo"
"686",2012,817,18.9730051779629,260.646847561817,"Carrizo"
"687",2012,903,19.3761904761905,219.893939393939,"Carrizo"
"688",2012,904,16.5394570487129,492.607116234972,"Carrizo"
"689",2012,910,16.7223157220707,495.492942793841,"Carrizo"
"690",2012,912,14.7238518992636,510.887584053066,"Carrizo"
"691",2012,916,17.4639104840763,317.346352707811,"Carrizo"
"692",2012,917,16.7682589680407,448.961282766894,"Carrizo"
"693",2012,1002,17.2041269718205,410.571905299164,"Carrizo"
"694",2012,1004,18.6671735659757,264.889969961377,"Carrizo"
"695",2012,1005,17.13174000617,428.10398351361,"Carrizo"
"696",2012,1006,17.5576218899815,392.639566271289,"Carrizo"
"697",2012,1011,17.1053038620972,433.527389415894,"Carrizo"
"698",2012,1013,16.8496857751728,378.155902137498,"Carrizo"
"699",2012,1014,17.1742706642272,421.674158154113,"Carrizo"
"700",2012,1015,17.2305318091465,447.581964707625,"Carrizo"
"701",2012,1104,17.5300480499466,399.43785528941,"Carrizo"
"702",2012,1111,16.7318201230615,426.90844270653,"Carrizo"
"703",2012,1112,17.2218267101866,401.326450285437,"Carrizo"
"704",2012,1114,17.8720354691845,350.134850657858,"Carrizo"
"705",2012,1118,17.1214977781974,440.207793974484,"Carrizo"
"706",2012,1119,16.7258836000993,413.523882792913,"Carrizo"
"707",2012,1204,18.2429999583839,311.251583806307,"Carrizo"
"708",2012,1206,17.8213001820086,307.53617038095,"Carrizo"
"709",2012,1207,17.4491459523163,402.554249279254,"Carrizo"
"710",2012,1208,17.3883303426082,423.591955471253,"Carrizo"
"711",2012,1213,17.5164511536854,390.707542045406,"Carrizo"
"712",2012,1217,15.9491154412561,566.293658820895,"Carrizo"
"713",2012,1302,18.4863710282777,299.110490607193,"Carrizo"
"714",2012,1304,17.5562909888206,390.858577169137,"Carrizo"
"715",2012,1307,15.8286097654209,566.592977296623,"Carrizo"
"716",2012,1310,17.7303000549228,360.839389691269,"Carrizo"
"717",2012,1312,18.0554898701576,337.144208741965,"Carrizo"
"718",2012,1318,16.2033718618458,403.696537858038,"Carrizo"
"719",2012,1319,18.4343067846167,238.833213281816,"Carrizo"
"720",2012,1402,17.6390169654116,392.597083121133,"Carrizo"
"721",2012,1405,18.2411734926356,313.046562105728,"Carrizo"
"722",2012,1412,18.6056858932815,287.385705728706,"Carrizo"
"723",2012,1413,18.3860131303825,294.93687247639,"Carrizo"
"724",2012,1415,17.3252087099384,412.217736264879,"Carrizo"
"725",2012,1416,17.4300175204942,344.237528266121,"Carrizo"
"726",2012,1419,16.8688233040678,451.477170211674,"Carrizo"
"727",2012,1506,17.4184923278989,410.558409590546,"Carrizo"
"728",2012,1507,16.4582887700535,375.598930481283,"Carrizo"
"729",2012,1509,18.225243530454,324.284734152823,"Carrizo"
"730",2012,1510,17.1534381290875,360.280280452376,"Carrizo"
"731",2012,1511,18.5281437953219,289.430701461149,"Carrizo"
"732",2012,1512,18.4253921037867,279.950208200228,"Carrizo"
"733",2012,1516,16.2910398781478,545.584580926597,"Carrizo"
"734",2012,1517,16.7109390856989,458.138024039252,"Carrizo"
"735",2012,1602,17.9139085353137,307.812715752353,"Carrizo"
"736",2012,1605,17.6644920144171,312.758737843426,"Carrizo"
"737",2012,1609,18.2830042093061,331.58444421533,"Carrizo"
"738",2012,1611,18.036671572304,308.080061320136,"Carrizo"
"739",2012,1616,19.3761904761905,219.893939393939,"Carrizo"
"740",2012,1618,18.5429668906816,299.398329161571,"Carrizo"
"741",2012,1619,16.8531754861238,387.482875168646,"Carrizo"
"742",2012,1703,18.3678753274316,283.952476179043,"Carrizo"
"743",2012,1704,17.3869134172546,427.148639975832,"Carrizo"
"744",2012,1705,16.4633072075965,512.011885232119,"Carrizo"
"745",2012,1715,17.6152629943624,386.377415367976,"Carrizo"
"746",2012,1716,17.0379455691776,379.532025250599,"Carrizo"
"747",2012,1719,17.2352474126086,418.98014647529,"Carrizo"
"748",2012,1804,17.4395942053404,346.008638002042,"Carrizo"
"749",2012,1805,15.1680184225033,500.381435288891,"Carrizo"
"750",2012,1808,17.9539387488249,296.455217651077,"Carrizo"
"751",2012,1810,15.8399094908596,505.549286320336,"Carrizo"
"752",2012,1813,17.483431068934,379.287853952507,"Carrizo"
"753",2012,1818,18.5869394522429,285.09594561251,"Carrizo"
"754",2012,1903,17.3438510154396,347.472311133593,"Carrizo"
"755",2012,1904,17.241362698643,370.274738458726,"Carrizo"
"756",2012,1905,16.4932915883633,489.157637294715,"Carrizo"
"757",2012,1907,18.5509500807757,254.957904071852,"Carrizo"
"758",2012,1910,16.7826945080092,446.360411899313,"Carrizo"
"759",2012,1911,17.6001473640255,371.683157415656,"Carrizo"
"760",2012,1917,16.4393946776476,505.524650580227,"Carrizo"
"761",2013,203,17.1149004465849,437.328752406892,"Carrizo"
"762",2013,205,17.3973022943285,357.15598488587,"Carrizo"
"763",2013,207,17.1783214517174,391.562828544682,"Carrizo"
"764",2013,211,16.3476552049596,520.739148267554,"Carrizo"
"765",2013,214,17.4141229157896,364.499728350854,"Carrizo"
"766",2013,217,17.2798918672525,410.01665594335,"Carrizo"
"767",2013,303,17.0247474747475,239.924242424242,"Carrizo"
"768",2013,305,17.6117052383964,341.867637944163,"Carrizo"
"769",2013,306,17.2119598575901,397.188811720172,"Carrizo"
"770",2013,307,16.4389472341951,489.141394180533,"Carrizo"
"771",2013,309,17.663958069726,369.875642360088,"Carrizo"
"772",2013,311,16.3303011405515,511.642735851435,"Carrizo"
"773",2013,312,17.9703540362327,338.151290594208,"Carrizo"
"774",2013,315,14.399870836816,590.106975418836,"Carrizo"
"775",2013,319,16.5049411003616,425.917058315002,"Carrizo"
"776",2013,403,15.0949371289587,532.525684983402,"Carrizo"
"777",2013,407,18.0630398530118,274.597136769042,"Carrizo"
"778",2013,408,17.7822106232057,333.057146293657,"Carrizo"
"779",2013,409,16.7765430412161,391.804712217211,"Carrizo"
"780",2013,411,16.6397132642064,400.576177327629,"Carrizo"
"781",2013,416,16.9115175098878,431.472978030292,"Carrizo"
"782",2013,417,17.4698502228482,379.522291089044,"Carrizo"
"783",2013,503,17.4572515217859,383.305810474842,"Carrizo"
"784",2013,506,15.0419579892402,533.86383680653,"Carrizo"
"785",2013,509,17.924132488625,292.552567396559,"Carrizo"
"786",2013,510,16.8709922707428,427.905111120711,"Carrizo"
"787",2013,512,15.2321033142584,526.041864430864,"Carrizo"
"788",2013,518,16.8078418664938,444.866493843163,"Carrizo"
"789",2013,603,16.8686201350096,446.14376352218,"Carrizo"
"790",2013,604,17.8412433675825,349.274188708073,"Carrizo"
"791",2013,605,14.2829754340275,562.56042307274,"Carrizo"
"792",2013,608,17.0914737862342,450.827085678576,"Carrizo"
"793",2013,609,17.4724557515845,364.789127950202,"Carrizo"
"794",2013,611,17.0886655737796,427.323911762279,"Carrizo"
"795",2013,613,17.8464698305184,337.711861857516,"Carrizo"
"796",2013,614,16.9318774723651,424.271127751946,"Carrizo"
"797",2013,615,19.3761904761905,219.893939393939,"Carrizo"
"798",2013,705,17.2187350907286,349.639026744413,"Carrizo"
"799",2013,715,16.7662221453132,455.011166833195,"Carrizo"
"800",2013,716,16.8078418664938,444.866493843163,"Carrizo"
"801",2013,717,17.7533809185122,359.194196496697,"Carrizo"
"802",2013,719,16.5978212398018,425.741063110695,"Carrizo"
"803",2013,805,15.17092950695,532.795902955883,"Carrizo"
"804",2013,809,17.1030133450072,388.878180305599,"Carrizo"
"805",2013,812,19.3761904761905,219.893939393939,"Carrizo"
"806",2013,813,14.4082908419717,566.144055490723,"Carrizo"
"807",2013,816,16.4643512963987,493.437359834256,"Carrizo"
"808",2013,817,17.663958069726,369.875642360088,"Carrizo"
"809",2013,903,17.663958069726,369.875642360088,"Carrizo"
"810",2013,904,17.1421731873965,403.702551586978,"Carrizo"
"811",2013,910,18.0657172344893,335.810290947409,"Carrizo"
"812",2013,912,15.1803659759705,498.200077071757,"Carrizo"
"813",2013,916,17.8333788644022,297.093731646722,"Carrizo"
"814",2013,917,17.0562214832481,415.900588720166,"Carrizo"
"815",2013,1002,17.2012168671261,415.824962259986,"Carrizo"
"816",2013,1004,16.9003757634594,419.511847370106,"Carrizo"
"817",2013,1005,16.0717906448615,548.946920966933,"Carrizo"
"818",2013,1006,16.8078418664938,444.866493843163,"Carrizo"
"819",2013,1011,17.4014656922322,393.116375605498,"Carrizo"
"820",2013,1013,16.7662221453132,455.011166833195,"Carrizo"
"821",2013,1014,17.1769897389038,409.89952194245,"Carrizo"
"822",2013,1015,16.6879117842303,490.496783036565,"Carrizo"
"823",2013,1104,16.7290639491071,468.569776157863,"Carrizo"
"824",2013,1111,16.8078418664938,444.866493843163,"Carrizo"
"825",2013,1112,17.476805096101,376.642813073101,"Carrizo"
"826",2013,1114,17.343315776558,351.997817517035,"Carrizo"
"827",2013,1118,16.9780210183381,448.442848944411,"Carrizo"
"828",2013,1119,17.1036865310825,401.599932921786,"Carrizo"
"829",2013,1204,17.7710909286123,381.309832436155,"Carrizo"
"830",2013,1205,16.8078418664938,444.866493843163,"Carrizo"
"831",2013,1206,18.1670964176052,254.941086075933,"Carrizo"
"832",2013,1207,17.3793428769425,359.839628099961,"Carrizo"
"833",2013,1208,16.9780210183381,448.442848944411,"Carrizo"
"834",2013,1213,17.5885388694527,375.239363942296,"Carrizo"
"835",2013,1217,16.8078418664938,444.866493843163,"Carrizo"
"836",2013,1302,16.4643512963987,493.437359834256,"Carrizo"
"837",2013,1304,17.3215115884332,399.871982953318,"Carrizo"
"838",2013,1307,16.3175765677581,461.592612365449,"Carrizo"
"839",2013,1310,17.3979043674422,401.304196468397,"Carrizo"
"840",2013,1312,17.4170553478519,392.91094814193,"Carrizo"
"841",2013,1318,16.0076552565099,477.745562840667,"Carrizo"
"842",2013,1319,18.4877486772487,210.845993265993,"Carrizo"
"843",2013,1402,17.6158160091008,384.360981552405,"Carrizo"
"844",2013,1405,17.1661839741628,418.613357339747,"Carrizo"
"845",2013,1412,17.2332897461044,453.807381596283,"Carrizo"
"846",2013,1413,17.449929018918,388.623355230857,"Carrizo"
"847",2013,1415,17.0881253342361,423.255918238318,"Carrizo"
"848",2013,1416,16.5403332437391,461.935773692352,"Carrizo"
"849",2013,1419,16.6854794285854,457.597213607372,"Carrizo"
"850",2013,1504,16.8078418664938,444.866493843163,"Carrizo"
"851",2013,1506,16.807096088778,458.134011984493,"Carrizo"
"852",2013,1507,16.8078418664938,444.866493843163,"Carrizo"
"853",2013,1509,17.5826313136153,378.041077626462,"Carrizo"
"854",2013,1510,16.9633721589395,447.792838295689,"Carrizo"
"855",2013,1512,17.5779851597052,349.170565563734,"Carrizo"
"856",2013,1516,16.3299870209536,498.992000397676,"Carrizo"
"857",2013,1517,17.6383154847393,347.660098936192,"Carrizo"
"858",2013,1602,17.5229513009283,359.295577045793,"Carrizo"
"859",2013,1605,17.49816871889,349.94865359343,"Carrizo"
"860",2013,1609,17.9963663619706,331.810869975438,"Carrizo"
"861",2013,1611,16.8149174687066,445.400363415239,"Carrizo"
"862",2013,1618,19.0551468999784,248.015508700092,"Carrizo"
"863",2013,1619,16.308158649986,472.075417718542,"Carrizo"
"864",2013,1703,17.1747488107362,412.727557493274,"Carrizo"
"865",2013,1704,16.6090718709762,483.604219644483,"Carrizo"
"866",2013,1705,17.4747051198963,348.919896305898,"Carrizo"
"867",2013,1715,18.4130597475542,304.258647312398,"Carrizo"
"868",2013,1716,15.8135631141775,489.195429322643,"Carrizo"
"869",2013,1719,16.8078418664938,444.866493843163,"Carrizo"
"870",2013,1804,17.5981029771697,375.644169397248,"Carrizo"
"871",2013,1805,15.3200534127514,505.036525404215,"Carrizo"
"872",2013,1808,17.3045109550142,379.803264541028,"Carrizo"
"873",2013,1810,15.9416730646004,520.311807754233,"Carrizo"
"874",2013,1813,16.8078418664938,444.866493843163,"Carrizo"
"875",2013,1818,17.3215115884332,399.871982953318,"Carrizo"
"876",2013,1903,17.7555388728918,307.806746194981,"Carrizo"
"877",2013,1904,16.7626847999068,405.792026676575,"Carrizo"
"878",2013,1905,16.5729318717911,490.647442517451,"Carrizo"
"879",2013,1907,18.1462425734056,281.144653763821,"Carrizo"
"880",2013,1910,17.8351813103725,354.877472063473,"Carrizo"
"881",2013,1911,17.0625822122859,432.613421858917,"Carrizo"
"882",2013,1917,16.5845613053803,478.135537994647,"Carrizo"
"883",2014,203,16.3744227279076,464.170032717386,"Carrizo"
"884",2014,205,16.6942845813363,448.570086876679,"Carrizo"
"885",2014,206,19.3761904761905,219.893939393939,"Carrizo"
"886",2014,207,17.1747488107362,412.727557493274,"Carrizo"
"887",2014,211,16.8078418664938,444.866493843163,"Carrizo"
"888",2014,214,17.2246313998704,384.899870382372,"Carrizo"
"889",2014,217,17.663958069726,369.875642360088,"Carrizo"
"890",2014,303,16.4897662245101,436.178426285115,"Carrizo"
"891",2014,305,17.0000192351198,407.367575714608,"Carrizo"
"892",2014,306,16.99946225675,421.977681278753,"Carrizo"
"893",2014,307,16.7381600503228,429.631536063121,"Carrizo"
"894",2014,309,16.8078418664938,444.866493843163,"Carrizo"
"895",2014,311,17.663958069726,369.875642360088,"Carrizo"
"896",2014,312,16.7266393649357,443.061178288181,"Carrizo"
"897",2014,315,14.2725249035874,571.999319538288,"Carrizo"
"898",2014,319,17.0108501644123,381.908014666994,"Carrizo"
"899",2014,403,16.6188413384515,440.335619062593,"Carrizo"
"900",2014,405,16.2702565388387,445.210275208622,"Carrizo"
"901",2014,407,16.8155179152364,432.727402351,"Carrizo"
"902",2014,408,17.0857015554115,404.888744869302,"Carrizo"
"903",2014,409,16.4904360616737,417.807514185131,"Carrizo"
"904",2014,411,16.8593312120318,415.931074741729,"Carrizo"
"905",2014,416,16.6033408868432,455.658304926222,"Carrizo"
"906",2014,417,17.1255182666854,411.992799665389,"Carrizo"
"907",2014,503,16.6475740885914,439.089760821665,"Carrizo"
"908",2014,506,15.2266564816398,524.423214373515,"Carrizo"
"909",2014,509,16.8078418664938,444.866493843163,"Carrizo"
"910",2014,510,16.5058646219107,446.115401448808,"Carrizo"
"911",2014,512,16.1936068586615,464.870302540983,"Carrizo"
"912",2014,518,16.4708822094494,448.635654886912,"Carrizo"
"913",2014,603,16.8340088071534,439.013771662231,"Carrizo"
"914",2014,604,16.6566878259396,440.848984190342,"Carrizo"
"915",2014,605,16.8078418664938,444.866493843163,"Carrizo"
"916",2014,608,16.2702565388387,445.210275208622,"Carrizo"
"917",2014,609,16.8819699645888,435.040222563297,"Carrizo"
"918",2014,611,17.1677329748931,410.968338462645,"Carrizo"
"919",2014,613,17.663958069726,369.875642360088,"Carrizo"
"920",2014,614,16.6330078257398,426.996058433599,"Carrizo"
"921",2014,615,17.2866529762298,398.727114663517,"Carrizo"
"922",2014,705,15.0062960424729,527.99150382665,"Carrizo"
"923",2014,715,17.5252256657905,403.69121899353,"Carrizo"
"924",2014,716,16.6859463108388,440.416288170922,"Carrizo"
"925",2014,717,17.2131765493627,402.015584996682,"Carrizo"
"926",2014,719,16.4949469823157,458.222079012634,"Carrizo"
"927",2014,805,16.388784391789,465.797219975625,"Carrizo"
"928",2014,809,16.6849635868817,436.196640202863,"Carrizo"
"929",2014,812,16.6021416780923,468.968822881923,"Carrizo"
"930",2014,813,14.1038817365267,556.877116304312,"Carrizo"
"931",2014,816,16.9850698141406,424.999386882722,"Carrizo"
"932",2014,817,17.2382721460718,420.161328933383,"Carrizo"
"933",2014,903,18.0920161713422,332.380216618551,"Carrizo"
"934",2014,904,16.159347827047,424.976122797893,"Carrizo"
"935",2014,910,16.8898766089922,433.856764357041,"Carrizo"
"936",2014,912,16.0382016626152,475.67425980195,"Carrizo"
"937",2014,916,17.2246313998704,384.899870382372,"Carrizo"
"938",2014,917,16.9930816591056,418.214661193922,"Carrizo"
"939",2014,1002,17.1413793790796,403.501293079517,"Carrizo"
"940",2014,1004,16.3584411828365,436.479384962775,"Carrizo"
"941",2014,1005,16.5905299220128,450.068221175706,"Carrizo"
"942",2014,1006,16.8249677514121,429.903457117356,"Carrizo"
"943",2014,1011,17.0063789805407,419.087292089891,"Carrizo"
"944",2014,1013,16.5796822064337,458.916514206401,"Carrizo"
"945",2014,1014,16.5292362831237,476.586606509694,"Carrizo"
"946",2014,1015,16.926651449464,435.511635641873,"Carrizo"
"947",2014,1104,16.7494130151651,447.949868438322,"Carrizo"
"948",2014,1111,16.5725330948992,449.895008323233,"Carrizo"
"949",2014,1112,16.7762132870592,437.327867594345,"Carrizo"
"950",2014,1114,16.3197821310691,462.20470047539,"Carrizo"
"951",2014,1118,16.8078418664938,444.866493843163,"Carrizo"
"952",2014,1119,16.567091061761,440.756038229215,"Carrizo"
"953",2014,1204,16.8867416532018,432.936535034135,"Carrizo"
"954",2014,1205,16.8078418664938,444.866493843163,"Carrizo"
"955",2014,1206,16.8078418664938,444.866493843163,"Carrizo"
"956",2014,1207,16.8289710263704,423.286304356234,"Carrizo"
"957",2014,1208,17.6823909287102,353.965752105971,"Carrizo"
"958",2014,1213,17.1111373210991,404.359515739591,"Carrizo"
"959",2014,1217,16.8078418664938,444.866493843163,"Carrizo"
"960",2014,1302,16.8227443590313,429.095102246992,"Carrizo"
"961",2014,1304,16.547567892393,458.601526130692,"Carrizo"
"962",2014,1307,16.4119459159049,471.410932953601,"Carrizo"
"963",2014,1310,16.7348237158011,420.098730925778,"Carrizo"
"964",2014,1312,16.8535329476469,430.707109956587,"Carrizo"
"965",2014,1318,16.3572138125614,460.180865715468,"Carrizo"
"966",2014,1319,17.0823996701157,405.510731797996,"Carrizo"
"967",2014,1402,17.2570833361612,388.391382681741,"Carrizo"
"968",2014,1405,16.8514534342597,435.111956874943,"Carrizo"
"969",2014,1412,16.8078418664938,444.866493843163,"Carrizo"
"970",2014,1413,17.3381419940619,356.296100766566,"Carrizo"
"971",2014,1415,16.8195701644692,434.922174660572,"Carrizo"
"972",2014,1416,16.6753574331068,419.092491869058,"Carrizo"
"973",2014,1419,16.8688978464792,431.096958505572,"Carrizo"
"974",2014,1504,16.6715078800601,452.061034565202,"Carrizo"
"975",2014,1506,16.8844764044337,439.468344357082,"Carrizo"
"976",2014,1509,16.5339611715701,467.768995751333,"Carrizo"
"977",2014,1510,16.4828540537018,431.09148330473,"Carrizo"
"978",2014,1511,16.9233542025897,423.234324534162,"Carrizo"
"979",2014,1512,17.0285591469677,399.46446899237,"Carrizo"
"980",2014,1516,16.6985277986406,444.215811965319,"Carrizo"
"981",2014,1517,16.7939686261003,448.248051506507,"Carrizo"
"982",2014,1602,16.5795591253124,447.698194934856,"Carrizo"
"983",2014,1605,16.9313420543047,416.310393932291,"Carrizo"
"984",2014,1609,17.663958069726,369.875642360088,"Carrizo"
"985",2014,1611,16.7545927185364,445.796532280416,"Carrizo"
"986",2014,1618,17.5957910765092,373.472912721108,"Carrizo"
"987",2014,1619,16.3321211243643,457.731543928358,"Carrizo"
"988",2014,1703,16.4434550209615,447.719671517998,"Carrizo"
"989",2014,1704,16.897400613414,427.924668092081,"Carrizo"
"990",2014,1705,17.2382721460718,420.161328933383,"Carrizo"
"991",2014,1715,16.2765630248027,492.040089301649,"Carrizo"
"992",2014,1716,16.4496347727135,454.370280779896,"Carrizo"
"993",2014,1719,16.6861797313843,450.637567818819,"Carrizo"
"994",2014,1804,16.8078418664938,444.866493843163,"Carrizo"
"995",2014,1805,16.6787966630875,447.153822013953,"Carrizo"
"996",2014,1808,16.8078418664938,444.866493843163,"Carrizo"
"997",2014,1810,16.500800405085,461.419000486706,"Carrizo"
"998",2014,1813,16.8078418664938,444.866493843163,"Carrizo"
"999",2014,1818,17.0222280842697,414.012667511636,"Carrizo"
"1000",2014,1903,16.9073943234354,418.06210880305,"Carrizo"
"1001",2014,1904,16.7051416733869,455.25384361808,"Carrizo"
"1002",2014,1905,16.6687148710443,444.038353271361,"Carrizo"
"1003",2014,1907,17.2248246770497,377.245213271526,"Carrizo"
"1004",2014,1910,16.5208924383791,443.158453913822,"Carrizo"
"1005",2014,1911,16.2947487992779,470.55309133352,"Carrizo"
"1006",2014,1917,16.5361691988457,437.904450837554,"Carrizo"
"1007",2015,203,17.0230319396094,423.09708521318,"Carrizo"
"1008",2015,205,16.9212554298941,414.850724175727,"Carrizo"
"1009",2015,206,17.3714218132884,394.867043420736,"Carrizo"
"1010",2015,207,17.0750917637488,405.39173181201,"Carrizo"
"1011",2015,211,16.6305956513261,471.057105144804,"Carrizo"
"1012",2015,214,16.97844228152,419.6026169821,"Carrizo"
"1013",2015,217,16.686406166122,445.142543503888,"Carrizo"
"1014",2015,303,16.6961960093633,404.444193607182,"Carrizo"
"1015",2015,305,16.8744007984936,434.625069320437,"Carrizo"
"1016",2015,306,16.8072016561445,438.307247604301,"Carrizo"
"1017",2015,307,17.1448318110278,395.842674195951,"Carrizo"
"1018",2015,309,17.9214055193187,348.522154541472,"Carrizo"
"1019",2015,311,17.1309233268619,415.780345755026,"Carrizo"
"1020",2015,312,16.7896410853486,443.865749502105,"Carrizo"
"1021",2015,315,16.5222312533779,464.964338758202,"Carrizo"
"1022",2015,319,16.830735418165,433.711745483066,"Carrizo"
"1023",2015,403,16.4222283121278,479.987060994409,"Carrizo"
"1024",2015,405,17.6652607868878,344.160527904004,"Carrizo"
"1025",2015,408,17.258044598996,409.297570662866,"Carrizo"
"1026",2015,409,16.6797237033016,411.455825058878,"Carrizo"
"1027",2015,411,16.5524700437408,429.146091877219,"Carrizo"
"1028",2015,416,16.7559269125634,460.224854177811,"Carrizo"
"1029",2015,417,17.6791749128003,362.790955396603,"Carrizo"
"1030",2015,503,17.1713578649327,402.568041615015,"Carrizo"
"1031",2015,506,16.3149313526112,457.062670220341,"Carrizo"
"1032",2015,509,17.1253422171629,387.158007796213,"Carrizo"
"1033",2015,510,16.6323065152634,429.72311036557,"Carrizo"
"1034",2015,512,16.6749470258391,444.261259037987,"Carrizo"
"1035",2015,518,17.8611230149494,323.691924023088,"Carrizo"
"1036",2015,602,16.9759132467452,404.905050259197,"Carrizo"
"1037",2015,603,16.9185464457308,416.551854609593,"Carrizo"
"1038",2015,604,16.9880245017277,404.885610591487,"Carrizo"
"1039",2015,605,16.7968725373085,434.300220491904,"Carrizo"
"1040",2015,608,18.4020265858299,304.571037753046,"Carrizo"
"1041",2015,609,17.6469348600392,369.395532343181,"Carrizo"
"1042",2015,611,17.623905356876,339.522072335405,"Carrizo"
"1043",2015,613,16.9689380571225,426.267122758009,"Carrizo"
"1044",2015,614,16.1777441878885,440.432602926989,"Carrizo"
"1045",2015,615,18.2087592899647,322.154191416314,"Carrizo"
"1046",2015,705,16.5006895954489,469.844466498049,"Carrizo"
"1047",2015,715,16.623264542673,413.882449719357,"Carrizo"
"1048",2015,716,17.0016938422603,425.752737294053,"Carrizo"
"1049",2015,717,16.7224066603053,450.676029083851,"Carrizo"
"1050",2015,719,16.5701516091654,449.845907517275,"Carrizo"
"1051",2015,805,17.13269571048,417.159775991006,"Carrizo"
"1052",2015,809,16.7694110561863,438.798240601611,"Carrizo"
"1053",2015,812,17.9778747263181,351.030775099429,"Carrizo"
"1054",2015,813,16.2171459537035,480.897304037876,"Carrizo"
"1055",2015,816,16.8449041083581,443.073543833902,"Carrizo"
"1056",2015,817,18.5200742729583,294.884790877014,"Carrizo"
"1057",2015,903,17.284466209329,398.366673737491,"Carrizo"
"1058",2015,904,16.3055180828995,428.198893104427,"Carrizo"
"1059",2015,910,16.833462112876,438.586459033094,"Carrizo"
"1060",2015,917,16.8948969826852,408.939787750926,"Carrizo"
"1061",2015,1002,16.8604876617325,437.307416185934,"Carrizo"
"1062",2015,1004,17.0262690056132,386.681093547354,"Carrizo"
"1063",2015,1005,16.8689868445365,442.194128623805,"Carrizo"
"1064",2015,1006,19.0674815146288,245.422998255035,"Carrizo"
"1065",2015,1011,16.5749641196024,458.998198690433,"Carrizo"
"1066",2015,1013,16.751525290034,425.160770078167,"Carrizo"
"1067",2015,1015,16.9159129037558,435.918765138078,"Carrizo"
"1068",2015,1104,17.3352129064937,371.77415839005,"Carrizo"
"1069",2015,1111,16.8683667575842,426.137019407454,"Carrizo"
"1070",2015,1112,16.7745604965708,422.73552414913,"Carrizo"
"1071",2015,1114,16.4717572556408,490.767164832537,"Carrizo"
"1072",2015,1118,15.5321094353918,625.694980265078,"Carrizo"
"1073",2015,1119,17.1238987601904,396.239708105046,"Carrizo"
"1074",2015,1205,16.885341665832,428.915034700643,"Carrizo"
"1075",2015,1206,17.2099344536831,383.772265755416,"Carrizo"
"1076",2015,1207,16.7554421017838,441.044113518447,"Carrizo"
"1077",2015,1208,16.8593849600144,425.381205011345,"Carrizo"
"1078",2015,1213,17.1786270825137,393.983244722836,"Carrizo"
"1079",2015,1217,16.6911552609171,465.177863795573,"Carrizo"
"1080",2015,1307,16.5394836134416,466.517697046877,"Carrizo"
"1081",2015,1310,17.1586094247837,385.012654225929,"Carrizo"
"1082",2015,1318,16.5936981057937,451.053930561084,"Carrizo"
"1083",2015,1319,17.3652300944653,334.497581949055,"Carrizo"
"1084",2015,1402,18.4565142750579,287.154600334381,"Carrizo"
"1085",2015,1405,17.888647630249,354.227136387811,"Carrizo"
"1086",2015,1412,16.682616358196,425.082243320031,"Carrizo"
"1087",2015,1413,17.7432602597696,337.1489785206,"Carrizo"
"1088",2015,1415,17.0941305613875,406.975597118475,"Carrizo"
"1089",2015,1416,16.6543610933836,458.116441799809,"Carrizo"
"1090",2015,1419,16.6944901786247,416.181005777724,"Carrizo"
"1091",2015,1504,16.7507849772586,451.950018366582,"Carrizo"
"1092",2015,1506,16.8425123462545,410.111227389517,"Carrizo"
"1093",2015,1507,16.7092531377831,453.37404559641,"Carrizo"
"1094",2015,1509,17.0087665007295,411.302882007896,"Carrizo"
"1095",2015,1510,16.5073690152833,452.090077277839,"Carrizo"
"1096",2015,1511,18.5528205026549,276.21245165057,"Carrizo"
"1097",2015,1512,16.8298622871181,462.143911610263,"Carrizo"
"1098",2015,1516,16.89925552871,422.000079110511,"Carrizo"
"1099",2015,1517,16.7808963713913,447.704983422802,"Carrizo"
"1100",2015,1602,16.8997068086062,367.892329027405,"Carrizo"
"1101",2015,1605,17.3763993400696,322.761159462324,"Carrizo"
"1102",2015,1609,17.4007638634943,370.670157223647,"Carrizo"
"1103",2015,1611,16.8475557850654,441.591155019522,"Carrizo"
"1104",2015,1616,17.8727474295273,341.652161371429,"Carrizo"
"1105",2015,1618,17.364520091189,398.614995674335,"Carrizo"
"1106",2015,1619,16.6334128159883,439.854302913005,"Carrizo"
"1107",2015,1703,17.1162547988749,392.768100870911,"Carrizo"
"1108",2015,1704,17.0474610028067,382.368928318811,"Carrizo"
"1109",2015,1705,16.7536324824938,450.44266562941,"Carrizo"
"1110",2015,1714,17.4004489888808,338.111002908092,"Carrizo"
"1111",2015,1716,16.9539399678961,429.442718065227,"Carrizo"
"1112",2015,1719,16.956247272254,425.064661622651,"Carrizo"
"1113",2015,1804,17.6133483037206,364.725995257021,"Carrizo"
"1114",2015,1805,16.6717532222792,444.027218725571,"Carrizo"
"1115",2015,1808,17.5984729664983,357.785703238374,"Carrizo"
"1116",2015,1810,16.4673105102738,459.224714741743,"Carrizo"
"1117",2015,1813,16.9221429918686,406.403739383607,"Carrizo"
"1118",2015,1818,18.4957096605246,275.832325956705,"Carrizo"
"1119",2015,1903,17.1488563216204,380.841136085162,"Carrizo"
"1120",2015,1904,16.9233508583214,433.485931098517,"Carrizo"
"1121",2015,1905,16.7286134865638,448.289567960915,"Carrizo"
"1122",2015,1907,16.9627184052399,413.573291212313,"Carrizo"
"1123",2015,1910,16.7318953392033,446.581456556108,"Carrizo"
"1124",2015,1911,17.0979713957572,415.269186406839,"Carrizo"
"1125",2015,1917,16.5146904473501,457.174073098958,"Carrizo"
"1126",2016,203,18.751573039517,276.145899657855,"Carrizo"
"1127",2016,206,17.401886840595,384.040666207731,"Carrizo"
"1128",2016,315,17.5838528216226,377.480429813245,"Carrizo"
"1129",2016,409,17.7630886279983,315.397805914397,"Carrizo"
"1130",2016,416,16.6805367136177,456.677743860945,"Carrizo"
"1131",2016,417,17.0362510808815,422.96043709061,"Carrizo"
"1132",2016,506,17.905888504101,355.549265181908,"Carrizo"
"1133",2016,510,17.4084730661256,391.539973132536,"Carrizo"
"1134",2016,512,18.1212423013116,335.368122604583,"Carrizo"
"1135",2016,603,16.6407391208327,483.652484832422,"Carrizo"
"1136",2016,609,18.0502179468182,327.68852600665,"Carrizo"
"1137",2016,611,16.8500678175115,366.441582727041,"Carrizo"
"1138",2016,613,17.211973209219,423.591403262241,"Carrizo"
"1139",2016,614,16.4423898976937,445.590084206395,"Carrizo"
"1140",2016,715,17.9374369425553,351.828671811727,"Carrizo"
"1141",2016,717,16.9164202261631,450.18921814575,"Carrizo"
"1142",2016,805,17.7178733229738,369.067610651203,"Carrizo"
"1143",2016,812,17.3236233460435,396.639244624076,"Carrizo"
"1144",2016,813,17.7602495816677,354.363463426048,"Carrizo"
"1145",2016,817,17.1516623355822,377.047589193709,"Carrizo"
"1146",2016,910,17.2904085542411,412.432161557508,"Carrizo"
"1147",2016,917,17.1055217299625,344.828529459712,"Carrizo"
"1148",2016,1005,16.6881309655234,472.952305529424,"Carrizo"
"1149",2016,1006,17.8572668554036,346.344425024951,"Carrizo"
"1150",2016,1011,16.8302720226495,448.053853427386,"Carrizo"
"1151",2016,1013,18.0793824971742,319.509597269833,"Carrizo"
"1152",2016,1104,17.4568354094091,370.263609457223,"Carrizo"
"1153",2016,1111,18.2430955013243,319.146536945067,"Carrizo"
"1154",2016,1114,16.6393810902864,485.928265469484,"Carrizo"
"1155",2016,1205,16.6529166980811,376.789546595057,"Carrizo"
"1156",2016,1206,17.1288854427059,416.74492453701,"Carrizo"
"1157",2016,1207,17.162383113575,412.048910118982,"Carrizo"
"1158",2016,1208,17.07236056253,426.56584832293,"Carrizo"
"1159",2016,1213,16.9785742744204,403.555758010182,"Carrizo"
"1160",2016,1217,16.6806704962196,475.864105757151,"Carrizo"
"1161",2016,1405,19.2336577484775,232.456139249298,"Carrizo"
"1162",2016,1415,17.0451265957577,419.210966123342,"Carrizo"
"1163",2016,1419,16.7700181386999,367.621031549388,"Carrizo"
"1164",2016,1504,16.7335209358141,462.981981325363,"Carrizo"
"1165",2016,1506,17.2345924361364,409.865415766925,"Carrizo"
"1166",2016,1509,17.4026096353325,379.120829820265,"Carrizo"
"1167",2016,1511,18.2970062382879,273.025807864287,"Carrizo"
"1168",2016,1517,16.6302819441892,471.64502131743,"Carrizo"
"1169",2016,1605,16.888681054941,352.313163124324,"Carrizo"
"1170",2016,1609,16.909328867664,404.521523038425,"Carrizo"
"1171",2016,1611,16.7820228725423,453.926733932615,"Carrizo"
"1172",2016,1704,17.4510368917013,362.799859611347,"Carrizo"
"1173",2016,1810,18.0036881681512,341.652529340906,"Carrizo"
"1174",2016,1903,16.8941401335508,405.524970764529,"Carrizo"
"1175",2016,1904,18.8865737669817,262.617747057452,"Carrizo"
"1176",2016,1905,16.6384992986285,485.305079344903,"Carrizo"
"1177",2016,1910,16.647766015799,483.884466881749,"Carrizo"
"1178",2017,203,17.2361729512603,417.250311716889,"Carrizo"
"1179",2017,206,17.6795659956224,327.934160675828,"Carrizo"
"1180",2017,217,16.7368863671209,457.474578722569,"Carrizo"
"1181",2017,307,16.967717452018,426.196552195757,"Carrizo"
"1182",2017,315,17.0585446846053,432.592224936373,"Carrizo"
"1183",2017,409,16.9347668244595,405.880628317825,"Carrizo"
"1184",2017,416,16.6987662569731,451.71010931435,"Carrizo"
"1185",2017,417,17.8463479942627,317.034588091746,"Carrizo"
"1186",2017,506,17.7708367902172,374.450951297583,"Carrizo"
"1187",2017,510,17.4983622728627,373.326101451504,"Carrizo"
"1188",2017,512,17.6891824043905,363.737292339814,"Carrizo"
"1189",2017,603,16.7839538888587,448.286328917231,"Carrizo"
"1190",2017,609,17.1690151751864,385.917997005712,"Carrizo"
"1191",2017,611,17.6921149690531,337.881547121003,"Carrizo"
"1192",2017,613,17.3898614082161,377.780419650506,"Carrizo"
"1193",2017,614,16.9013611686878,437.747868836835,"Carrizo"
"1194",2017,715,17.3253831070958,383.934555664924,"Carrizo"
"1195",2017,717,17.2274471557616,409.044174507621,"Carrizo"
"1196",2017,812,17.8579130610086,288.357590926064,"Carrizo"
"1197",2017,813,17.3356438979462,407.203808513866,"Carrizo"
"1198",2017,817,17.4706405281807,341.39061513392,"Carrizo"
"1199",2017,910,17.0132598706924,434.342600581847,"Carrizo"
"1200",2017,1005,16.8479004105277,439.320316960136,"Carrizo"
"1201",2017,1006,17.6846280083244,326.716778911969,"Carrizo"
"1202",2017,1011,17.3919100269988,379.558577850112,"Carrizo"
"1203",2017,1013,16.6322028150919,450.38731728204,"Carrizo"
"1204",2017,1104,17.031682065772,377.624594486257,"Carrizo"
"1205",2017,1111,17.3861127330409,363.278675842807,"Carrizo"
"1206",2017,1114,16.8271084808128,446.511169403677,"Carrizo"
"1207",2017,1205,16.6344372962449,369.876561167762,"Carrizo"
"1208",2017,1206,16.9278245898043,429.428368948253,"Carrizo"
"1209",2017,1207,17.3855955267505,400.39306992291,"Carrizo"
"1210",2017,1213,17.9886302030794,327.05025560275,"Carrizo"
"1211",2017,1217,16.8495319704562,437.928453595537,"Carrizo"
"1212",2017,1405,17.0582591443833,423.070448259148,"Carrizo"
"1213",2017,1415,17.5239646249004,335.40682503143,"Carrizo"
"1214",2017,1419,16.8889291093727,339.99041858586,"Carrizo"
"1215",2017,1504,16.7619606627234,450.991530265611,"Carrizo"
"1216",2017,1506,17.4906823669771,381.686030989563,"Carrizo"
"1217",2017,1509,17.5655645636572,372.730402029365,"Carrizo"
"1218",2017,1511,17.4186468660929,333.005041161373,"Carrizo"
"1219",2017,1517,16.5813720109832,472.698069482388,"Carrizo"
"1220",2017,1605,16.8702744728344,307.128543385249,"Carrizo"
"1221",2017,1609,17.1345204699198,352.884701448846,"Carrizo"
"1222",2017,1611,17.1411003797502,402.827716620042,"Carrizo"
"1223",2017,1618,17.1241478544036,378.078208810968,"Carrizo"
"1224",2017,1704,16.9183371222422,394.180356432064,"Carrizo"
"1225",2017,1810,17.2501083775035,405.144905648949,"Carrizo"
"1226",2017,1903,17.0274094171301,322.126932017697,"Carrizo"
"1227",2017,1904,17.6796834689473,364.747500479449,"Carrizo"
"1228",2017,1905,17.1764497506941,406.777409965092,"Carrizo"
"1229",2017,1910,16.8532340906434,435.87004014539,"Carrizo"
"1230",2017,1917,17.0168550819359,412.247540703542,"Carrizo"
"1231",2018,203,17.5753731900707,388.524153047693,"Carrizo"
"1232",2018,206,17.7399763056733,340.430784757111,"Carrizo"
"1233",2018,307,17.0906548558125,413.239947982208,"Carrizo"
"1234",2018,315,17.4839512834318,395.674314718574,"Carrizo"
"1235",2018,409,17.5933836142753,338.936038957463,"Carrizo"
"1236",2018,416,16.0325588426091,554.231559012174,"Carrizo"
"1237",2018,417,17.9424778156197,306.962344866796,"Carrizo"
"1238",2018,506,17.1606966599219,427.623415267028,"Carrizo"
"1239",2018,510,18.2490013836909,316.477040475416,"Carrizo"
"1240",2018,512,17.5328878622694,387.117609626011,"Carrizo"
"1241",2018,603,16.3093344249152,517.695755795066,"Carrizo"
"1242",2018,609,17.4262420007909,395.081245989358,"Carrizo"
"1243",2018,611,16.7773458072099,417.415055086551,"Carrizo"
"1244",2018,613,16.8238924091539,449.897601359033,"Carrizo"
"1245",2018,614,17.2787500944159,416.387501347649,"Carrizo"
"1246",2018,715,17.9853063491258,299.110257236717,"Carrizo"
"1247",2018,717,17.8267913369762,345.462141437411,"Carrizo"
"1248",2018,805,18.0919011424876,304.14185697229,"Carrizo"
"1249",2018,812,16.9086518018046,355.470967926089,"Carrizo"
"1250",2018,813,16.9427437749595,428.06378759026,"Carrizo"
"1251",2018,817,18.9134492735905,265.843259293837,"Carrizo"
"1252",2018,910,17.889707679441,343.588617329826,"Carrizo"
"1253",2018,917,17.6011530720714,293.075705513411,"Carrizo"
"1254",2018,1006,17.4821748422666,369.806021470428,"Carrizo"
"1255",2018,1011,16.4519532173202,498.41919034719,"Carrizo"
"1256",2018,1013,16.9509429528703,393.872149126981,"Carrizo"
"1257",2018,1104,17.4825210089203,375.523195395789,"Carrizo"
"1258",2018,1111,17.8460910259483,359.926904927282,"Carrizo"
"1259",2018,1114,16.8446400352764,427.521499849518,"Carrizo"
"1260",2018,1206,17.7292712234708,360.299906921417,"Carrizo"
"1261",2018,1207,18.0445381583312,335.652123480259,"Carrizo"
"1262",2018,1208,17.1935469023547,396.090054279271,"Carrizo"
"1263",2018,1213,17.7074596412931,341.32746500303,"Carrizo"
"1264",2018,1217,17.6438319605084,325.502303380716,"Carrizo"
"1265",2018,1405,17.9633630936483,332.223179323006,"Carrizo"
"1266",2018,1415,16.2387989449382,486.351636870827,"Carrizo"
"1267",2018,1419,17.2726970471488,351.810011900049,"Carrizo"
"1268",2018,1504,16.7267826099522,466.120076861665,"Carrizo"
"1269",2018,1506,16.7494022846634,451.211931824883,"Carrizo"
"1270",2018,1509,17.7707239390492,321.218732581679,"Carrizo"
"1271",2018,1511,16.4383004131333,372.217868825239,"Carrizo"
"1272",2018,1517,16.615597760977,474.711851218154,"Carrizo"
"1273",2018,1605,17.3645504835194,317.906017999572,"Carrizo"
"1274",2018,1609,17.4818991901583,360.468139379035,"Carrizo"
"1275",2018,1611,16.5997432605905,495.589858793325,"Carrizo"
"1276",2018,1618,16.9332591723865,444.817450872712,"Carrizo"
"1277",2018,1704,17.6005479992522,344.534833056965,"Carrizo"
"1278",2018,1714,16.549517422241,488.304923097314,"Carrizo"
"1279",2018,1810,17.495921397056,368.781351815678,"Carrizo"
"1280",2018,1903,17.5162752630519,358.946144641318,"Carrizo"
"1281",2018,1904,17.3894456849355,404.516476127615,"Carrizo"
"1282",2018,1905,16.3478550924584,519.40979397898,"Carrizo"
"1283",2018,1910,16.6528455328915,473.816108502803,"Carrizo"
"1284",2018,1917,16.7924421624295,423.532260657957,"Carrizo"
