"","site","year","plot","species.name","cover","guild","sumcov","relcov","datacol","meanp","meanT"
"1","Elkhorn",1999,"2","Erodium botrys",1,"EAF",155,0.00645161290322581,"pt_intercept",564.933333333333,15.2350778816199
"2","Elkhorn",1999,"3","Erodium botrys",4,"EAF",150,0.0266666666666667,"pt_intercept",564.933333333333,15.2350778816199
"3","Elkhorn",1999,"1","Geranium dissectum",9,"EAF",134,0.0671641791044776,"pt_intercept",664.852772466539,14.4785850860421
"4","Elkhorn",1999,"2","Geranium dissectum",7,"EAF",155,0.0451612903225806,"pt_intercept",664.852772466539,14.4785850860421
"5","Elkhorn",1999,"3","Geranium dissectum",7,"EAF",150,0.0466666666666667,"pt_intercept",664.852772466539,14.4785850860421
"6","Elkhorn",1999,"2","Trifolium dubium",3,"EAF",155,0.0193548387096774,"pt_intercept",871.261851015801,14.1386004514673
"7","Elkhorn",1999,"3","Trifolium dubium",10,"EAF",150,0.0666666666666667,"pt_intercept",871.261851015801,14.1386004514673
"8","Elkhorn",1999,"2","Trifolium subterraneum",4,"EAF",155,0.0258064516129032,"pt_intercept",806.716101694915,14.3432203389831
"9","Elkhorn",1999,"1","Hypochaeris radicata",3,"EPF",134,0.0223880597014925,"pt_intercept",786.857971014493,13.971884057971
"10","Elkhorn",1999,"2","Hypochaeris radicata",1,"EPF",155,0.00645161290322581,"pt_intercept",786.857971014493,13.971884057971
"11","Elkhorn",1999,"3","Hypochaeris radicata",1,"EPF",150,0.00666666666666667,"pt_intercept",786.857971014493,13.971884057971
"12","Elkhorn",1999,"1","Plantago lanceolata",8,"EPF",134,0.0597014925373134,"pt_intercept",676.417842323651,14.2629045643154
"13","Elkhorn",1999,"2","Plantago lanceolata",3,"EPF",155,0.0193548387096774,"pt_intercept",676.417842323651,14.2629045643154
"14","Elkhorn",1999,"3","Plantago lanceolata",17,"EPF",150,0.113333333333333,"pt_intercept",676.417842323651,14.2629045643154
"15","Elkhorn",1999,"1","Rumex acetosella",1,"EPF",134,0.00746268656716418,"pt_intercept",838.833163784334,12.4772126144456
"16","Elkhorn",1999,"3","Taraxia ovata",1,"NPF",150,0.00666666666666667,"pt_intercept",774.985959438378,13.6897815912636
"17","Elkhorn",1999,"3","Aira caryophyllea",8,"EAG",150,0.0533333333333333,"pt_intercept",811.251063829787,14.0110638297872
"18","Elkhorn",1999,"1","Bromus hordeaceus",6,"EAG",134,0.0447761194029851,"pt_intercept",561.950407608696,15.0092391304348
"19","Elkhorn",1999,"2","Bromus hordeaceus",12,"EAG",155,0.0774193548387097,"pt_intercept",561.950407608696,15.0092391304348
"20","Elkhorn",1999,"3","Bromus sp",10,"EAG",150,0.0666666666666667,"pt_intercept",560.844115082825,14.6334960767219
"21","Elkhorn",1999,"1","Festuca perennis",44,"EAG",134,0.328358208955224,"pt_intercept",441.431876606684,15.6437017994859
"22","Elkhorn",1999,"2","Festuca perennis",48,"EAG",155,0.309677419354839,"pt_intercept",441.431876606684,15.6437017994859
"23","Elkhorn",1999,"3","Festuca perennis",16,"EAG",150,0.106666666666667,"pt_intercept",441.431876606684,15.6437017994859
"24","Elkhorn",1999,"1","Vulpia myuros",49,"EAG",134,0.365671641791045,"pt_intercept",548.352941176471,15.146394686907
"25","Elkhorn",1999,"2","Vulpia myuros",39,"EAG",155,0.251612903225806,"pt_intercept",548.352941176471,15.146394686907
"26","Elkhorn",1999,"3","Vulpia myuros",33,"EAG",150,0.22,"pt_intercept",548.352941176471,15.146394686907
"27","Elkhorn",1999,"1","Juncus bufonius",1,"NAGr",134,0.00746268656716418,"pt_intercept",583.621869782972,13.9212020033389
"28","Elkhorn",1999,"2","Juncus bufonius",1,"NAGr",155,0.00645161290322581,"pt_intercept",583.621869782972,13.9212020033389
"29","Elkhorn",1999,"3","Juncus bufonius",12,"NAGr",150,0.08,"pt_intercept",583.621869782972,13.9212020033389
"30","Elkhorn",1999,"2","Isolepis carinata",1,"NAGr",155,0.00645161290322581,"pt_intercept",684.833333333333,14.0958333333333
"31","Elkhorn",1999,"1","Danthonia californica",13,"NPG",134,0.0970149253731343,"pt_intercept",988.511682242991,10.9049065420561
"32","Elkhorn",1999,"2","Danthonia californica",35,"NPG",155,0.225806451612903,"pt_intercept",988.511682242991,10.9049065420561
"33","Elkhorn",1999,"3","Danthonia californica",31,"NPG",150,0.206666666666667,"pt_intercept",988.511682242991,10.9049065420561
"34","Elkhorn",2000,"1","Briza maxima",1,"EAG",93,0.010752688172043,"pt_intercept",838.76017130621,13.5872234118487
"35","Elkhorn",2000,"1","Bromus diandrus",1,"EAG",93,0.010752688172043,"pt_intercept",498.418326693227,15.4565167899829
"36","Elkhorn",2000,"1","Danthonia californica",3,"NPG",93,0.032258064516129,"pt_intercept",988.511682242991,10.9049065420561
"37","Elkhorn",2000,"1","Erodium botrys",3,"EAF",93,0.032258064516129,"pt_intercept",564.933333333333,15.2350778816199
"38","Elkhorn",2000,"1","Geranium dissectum",10,"EAF",93,0.10752688172043,"pt_intercept",664.852772466539,14.4785850860421
"39","Elkhorn",2000,"1","Holcus lanatus",1,"EPG",93,0.010752688172043,"pt_intercept",882.388367729831,12.6727954971857
"40","Elkhorn",2000,"1","Hypochaeris radicata",3,"EPF",93,0.032258064516129,"pt_intercept",786.857971014493,13.971884057971
"41","Elkhorn",2000,"1","Festuca perennis",25,"EAG",93,0.268817204301075,"pt_intercept",441.431876606684,15.6437017994859
"42","Elkhorn",2000,"1","Stipa pulchra",3,"NPG",93,0.032258064516129,"pt_intercept",393.952941176471,15.7955882352941
"43","Elkhorn",2000,"1","Rumex acetosella",1,"EPF",93,0.010752688172043,"pt_intercept",838.833163784334,12.4772126144456
"44","Elkhorn",2000,"1","Vulpia myuros",42,"EAG",93,0.451612903225806,"pt_intercept",548.352941176471,15.146394686907
"45","Elkhorn",2000,"2","Danthonia californica",23,"NPG",85,0.270588235294118,"pt_intercept",988.511682242991,10.9049065420561
"46","Elkhorn",2000,"2","Geranium dissectum",1,"EAF",85,0.0117647058823529,"pt_intercept",664.852772466539,14.4785850860421
"47","Elkhorn",2000,"2","Juncus occidentalis",1,"NPGr",85,0.0117647058823529,"pt_intercept",928.834285714286,11.4542857142857
"48","Elkhorn",2000,"2","Juncus phaeocephalus",2,"NPGr",85,0.0235294117647059,"pt_intercept",597.304761904762,13.7780952380952
"49","Elkhorn",2000,"2","Festuca perennis",4,"EAG",85,0.0470588235294118,"pt_intercept",441.431876606684,15.6437017994859
"50","Elkhorn",2000,"2","Trifolium subterraneum",1,"EAF",85,0.0117647058823529,"pt_intercept",806.716101694915,14.3432203389831
"51","Elkhorn",2000,"2","Vulpia myuros",53,"EAG",85,0.623529411764706,"pt_intercept",548.352941176471,15.146394686907
"52","Elkhorn",2000,"3","Lysimachia arvensis",1,"EAF",104,0.00961538461538462,"pt_intercept",564.268737339635,15.2142696376322
"53","Elkhorn",2000,"3","Bromus diandrus",3,"EAG",104,0.0288461538461538,"pt_intercept",498.418326693227,15.4565167899829
"54","Elkhorn",2000,"3","Danthonia californica",46,"NPG",104,0.442307692307692,"pt_intercept",988.511682242991,10.9049065420561
"55","Elkhorn",2000,"3","Erodium botrys",3,"EAF",104,0.0288461538461538,"pt_intercept",564.933333333333,15.2350778816199
"56","Elkhorn",2000,"3","Geranium dissectum",3,"EAF",104,0.0288461538461538,"pt_intercept",664.852772466539,14.4785850860421
"57","Elkhorn",2000,"3","Plantago lanceolata",4,"EPF",104,0.0384615384615385,"pt_intercept",676.417842323651,14.2629045643154
"58","Elkhorn",2000,"3","Rumex acetosella",1,"EPF",104,0.00961538461538462,"pt_intercept",838.833163784334,12.4772126144456
"59","Elkhorn",2000,"3","Trifolium subterraneum",1,"EAF",104,0.00961538461538462,"pt_intercept",806.716101694915,14.3432203389831
"60","Elkhorn",2000,"3","Vulpia myuros",42,"EAG",104,0.403846153846154,"pt_intercept",548.352941176471,15.146394686907
"61","Elkhorn",2001,"1","Briza maxima",9,"EAG",138,0.0652173913043478,"pt_intercept",838.76017130621,13.5872234118487
"62","Elkhorn",2001,"1","Danthonia californica",28,"NPG",138,0.202898550724638,"pt_intercept",988.511682242991,10.9049065420561
"63","Elkhorn",2001,"1","Erodium botrys",6,"EAF",138,0.0434782608695652,"pt_intercept",564.933333333333,15.2350778816199
"64","Elkhorn",2001,"1","Geranium dissectum",7,"EAF",138,0.0507246376811594,"pt_intercept",664.852772466539,14.4785850860421
"65","Elkhorn",2001,"1","Juncus occidentalis",2,"NPGr",138,0.0144927536231884,"pt_intercept",928.834285714286,11.4542857142857
"66","Elkhorn",2001,"1","Festuca perennis",20,"EAG",138,0.144927536231884,"pt_intercept",441.431876606684,15.6437017994859
"67","Elkhorn",2001,"1","Isolepis carinata",3,"NAGr",138,0.0217391304347826,"pt_intercept",684.833333333333,14.0958333333333
"68","Elkhorn",2001,"1","Trifolium angustifolium",4,"EAF",138,0.0289855072463768,"pt_intercept",724.222222222222,13.6536231884058
"69","Elkhorn",2001,"1","Trifolium subterraneum",6,"EAF",138,0.0434782608695652,"pt_intercept",806.716101694915,14.3432203389831
"70","Elkhorn",2001,"1","Vulpia myuros",53,"EAG",138,0.384057971014493,"pt_intercept",548.352941176471,15.146394686907
"71","Elkhorn",2001,"3","Taraxia ovata",2,"NPF",153,0.0130718954248366,"pt_intercept",774.985959438378,13.6897815912636
"72","Elkhorn",2001,"3","Danthonia californica",42,"NPG",153,0.274509803921569,"pt_intercept",988.511682242991,10.9049065420561
"73","Elkhorn",2001,"3","Erodium botrys",6,"EAF",153,0.0392156862745098,"pt_intercept",564.933333333333,15.2350778816199
"74","Elkhorn",2001,"3","Geranium dissectum",11,"EAF",153,0.0718954248366013,"pt_intercept",664.852772466539,14.4785850860421
"75","Elkhorn",2001,"3","Festuca perennis",16,"EAG",153,0.104575163398693,"pt_intercept",441.431876606684,15.6437017994859
"76","Elkhorn",2001,"3","Plantago lanceolata",5,"EPF",153,0.0326797385620915,"pt_intercept",676.417842323651,14.2629045643154
"77","Elkhorn",2001,"3","Rumex acetosella",4,"EPF",153,0.0261437908496732,"pt_intercept",838.833163784334,12.4772126144456
"78","Elkhorn",2001,"3","Trifolium dubium",2,"EAF",153,0.0130718954248366,"pt_intercept",871.261851015801,14.1386004514673
"79","Elkhorn",2001,"3","Trifolium subterraneum",3,"EAF",153,0.0196078431372549,"pt_intercept",806.716101694915,14.3432203389831
"80","Elkhorn",2001,"3","Vulpia myuros",62,"EAG",153,0.405228758169935,"pt_intercept",548.352941176471,15.146394686907
"81","Elkhorn",2002,"3","Lysimachia arvensis",1,"EAF",170,0.00588235294117647,"pt_intercept",564.268737339635,15.2142696376322
"82","Elkhorn",2002,"1","Erodium botrys",6,"EAF",186,0.032258064516129,"pt_intercept",564.933333333333,15.2350778816199
"83","Elkhorn",2002,"3","Erodium botrys",27,"EAF",170,0.158823529411765,"pt_intercept",564.933333333333,15.2350778816199
"84","Elkhorn",2002,"1","Erodium moschatum",2,"EAF",186,0.010752688172043,"pt_intercept",446.304812834225,15.9793582887701
"85","Elkhorn",2002,"1","Geranium dissectum",26,"EAF",186,0.139784946236559,"pt_intercept",664.852772466539,14.4785850860421
"86","Elkhorn",2002,"2","Geranium dissectum",7,"EAF",142,0.0492957746478873,"pt_intercept",664.852772466539,14.4785850860421
"87","Elkhorn",2002,"3","Geranium dissectum",9,"EAF",170,0.0529411764705882,"pt_intercept",664.852772466539,14.4785850860421
"88","Elkhorn",2002,"1","Trifolium angustifolium",2,"EAF",186,0.010752688172043,"pt_intercept",724.222222222222,13.6536231884058
"89","Elkhorn",2002,"2","Trifolium angustifolium",1,"EAF",142,0.00704225352112676,"pt_intercept",724.222222222222,13.6536231884058
"90","Elkhorn",2002,"3","Trifolium angustifolium",1,"EAF",170,0.00588235294117647,"pt_intercept",724.222222222222,13.6536231884058
"91","Elkhorn",2002,"3","Trifolium dubium",3,"EAF",170,0.0176470588235294,"pt_intercept",871.261851015801,14.1386004514673
"92","Elkhorn",2002,"1","Trifolium subterraneum",2,"EAF",186,0.010752688172043,"pt_intercept",806.716101694915,14.3432203389831
"93","Elkhorn",2002,"2","Trifolium subterraneum",1,"EAF",142,0.00704225352112676,"pt_intercept",806.716101694915,14.3432203389831
"94","Elkhorn",2002,"3","Trifolium subterraneum",17,"EAF",170,0.1,"pt_intercept",806.716101694915,14.3432203389831
"95","Elkhorn",2002,"3","Plantago lanceolata",1,"EPF",170,0.00588235294117647,"pt_intercept",676.417842323651,14.2629045643154
"96","Elkhorn",2002,"1","Rumex acetosella",7,"EPF",186,0.0376344086021505,"pt_intercept",838.833163784334,12.4772126144456
"97","Elkhorn",2002,"2","Rumex acetosella",1,"EPF",142,0.00704225352112676,"pt_intercept",838.833163784334,12.4772126144456
"98","Elkhorn",2002,"3","Rumex acetosella",1,"EPF",170,0.00588235294117647,"pt_intercept",838.833163784334,12.4772126144456
"99","Elkhorn",2002,"2","Bromus diandrus",2,"EAG",142,0.0140845070422535,"pt_intercept",498.418326693227,15.4565167899829
"100","Elkhorn",2002,"1","Festuca perennis",16,"EAG",186,0.0860215053763441,"pt_intercept",441.431876606684,15.6437017994859
"101","Elkhorn",2002,"2","Festuca perennis",32,"EAG",142,0.225352112676056,"pt_intercept",441.431876606684,15.6437017994859
"102","Elkhorn",2002,"3","Festuca perennis",13,"EAG",170,0.0764705882352941,"pt_intercept",441.431876606684,15.6437017994859
"103","Elkhorn",2002,"1","Vulpia myuros",83,"EAG",186,0.446236559139785,"pt_intercept",548.352941176471,15.146394686907
"104","Elkhorn",2002,"2","Vulpia myuros",61,"EAG",142,0.429577464788732,"pt_intercept",548.352941176471,15.146394686907
"105","Elkhorn",2002,"3","Vulpia myuros",75,"EAG",170,0.441176470588235,"pt_intercept",548.352941176471,15.146394686907
"106","Elkhorn",2002,"2","Aira caryophyllea",3,"EAG",142,0.0211267605633803,"pt_intercept",811.251063829787,14.0110638297872
"107","Elkhorn",2002,"3","Avena barbata",1,"EAG",170,0.00588235294117647,"pt_intercept",514.22197309417,15.4567264573991
"108","Elkhorn",2002,"1","Bromus hordeaceus",10,"EAG",186,0.0537634408602151,"pt_intercept",561.950407608696,15.0092391304348
"109","Elkhorn",2002,"3","Cynosurus echinatus",3,"EAG",170,0.0176470588235294,"pt_intercept",883.445196211096,13.694451962111
"110","Elkhorn",2002,"1","Juncus occidentalis",1,"NPGr",186,0.00537634408602151,"pt_intercept",928.834285714286,11.4542857142857
"111","Elkhorn",2002,"3","Isolepis carinata",4,"NAGr",170,0.0235294117647059,"pt_intercept",684.833333333333,14.0958333333333
"112","Elkhorn",2002,"1","Danthonia californica",31,"NPG",186,0.166666666666667,"pt_intercept",988.511682242991,10.9049065420561
"113","Elkhorn",2002,"2","Danthonia californica",34,"NPG",142,0.23943661971831,"pt_intercept",988.511682242991,10.9049065420561
"114","Elkhorn",2002,"3","Danthonia californica",14,"NPG",170,0.0823529411764706,"pt_intercept",988.511682242991,10.9049065420561
"115","Elkhorn",2003,"1","Bromus diandrus",10,"EAG",214,0.0467289719626168,"pt_intercept",498.418326693227,15.4565167899829
"116","Elkhorn",2003,"3","Bromus diandrus",16,"EAG",144,0.111111111111111,"pt_intercept",498.418326693227,15.4565167899829
"117","Elkhorn",2003,"1","Danthonia californica",19,"NPG",214,0.088785046728972,"pt_intercept",988.511682242991,10.9049065420561
"118","Elkhorn",2003,"2","Danthonia californica",20,"NPG",119,0.168067226890756,"pt_intercept",988.511682242991,10.9049065420561
"119","Elkhorn",2003,"3","Danthonia californica",3,"NPG",144,0.0208333333333333,"pt_intercept",988.511682242991,10.9049065420561
"120","Elkhorn",2003,"1","Erodium botrys",16,"EAF",214,0.0747663551401869,"pt_intercept",564.933333333333,15.2350778816199
"121","Elkhorn",2003,"3","Erodium botrys",12,"EAF",144,0.0833333333333333,"pt_intercept",564.933333333333,15.2350778816199
"122","Elkhorn",2003,"1","Geranium dissectum",42,"EAF",214,0.196261682242991,"pt_intercept",664.852772466539,14.4785850860421
"123","Elkhorn",2003,"2","Geranium dissectum",17,"EAF",119,0.142857142857143,"pt_intercept",664.852772466539,14.4785850860421
"124","Elkhorn",2003,"3","Geranium dissectum",15,"EAF",144,0.104166666666667,"pt_intercept",664.852772466539,14.4785850860421
"125","Elkhorn",2003,"1","Festuca perennis",37,"EAG",214,0.172897196261682,"pt_intercept",441.431876606684,15.6437017994859
"126","Elkhorn",2003,"2","Festuca perennis",51,"EAG",119,0.428571428571429,"pt_intercept",441.431876606684,15.6437017994859
"127","Elkhorn",2003,"3","Festuca perennis",29,"EAG",144,0.201388888888889,"pt_intercept",441.431876606684,15.6437017994859
"128","Elkhorn",2003,"1","Plantago lanceolata",1,"EPF",214,0.00467289719626168,"pt_intercept",676.417842323651,14.2629045643154
"129","Elkhorn",2003,"3","Plantago lanceolata",6,"EPF",144,0.0416666666666667,"pt_intercept",676.417842323651,14.2629045643154
"130","Elkhorn",2003,"1","Rumex acetosella",8,"EPF",214,0.0373831775700935,"pt_intercept",838.833163784334,12.4772126144456
"131","Elkhorn",2003,"2","Rumex acetosella",4,"EPF",119,0.0336134453781513,"pt_intercept",838.833163784334,12.4772126144456
"132","Elkhorn",2003,"3","Rumex acetosella",4,"EPF",144,0.0277777777777778,"pt_intercept",838.833163784334,12.4772126144456
"133","Elkhorn",2003,"2","Trifolium angustifolium",1,"EAF",119,0.00840336134453781,"pt_intercept",724.222222222222,13.6536231884058
"134","Elkhorn",2003,"3","Trifolium subterraneum",2,"EAF",144,0.0138888888888889,"pt_intercept",806.716101694915,14.3432203389831
"135","Elkhorn",2003,"1","Vulpia myuros",81,"EAG",214,0.378504672897196,"pt_intercept",548.352941176471,15.146394686907
"136","Elkhorn",2003,"2","Vulpia myuros",26,"EAG",119,0.218487394957983,"pt_intercept",548.352941176471,15.146394686907
"137","Elkhorn",2003,"3","Vulpia myuros",57,"EAG",144,0.395833333333333,"pt_intercept",548.352941176471,15.146394686907
"138","Elkhorn",2004,"2","Lysimachia arvensis",6,"EAF",92,0.0652173913043478,"pt_intercept",564.268737339635,15.2142696376322
"139","Elkhorn",2004,"3","Avena barbata",1,"EAG",133,0.0075187969924812,"pt_intercept",514.22197309417,15.4567264573991
"140","Elkhorn",2004,"3","Briza maxima",5,"EAG",133,0.037593984962406,"pt_intercept",838.76017130621,13.5872234118487
"141","Elkhorn",2004,"1","Bromus diandrus",2,"EAG",124,0.0161290322580645,"pt_intercept",498.418326693227,15.4565167899829
"142","Elkhorn",2004,"2","Bromus diandrus",1,"EAG",92,0.0108695652173913,"pt_intercept",498.418326693227,15.4565167899829
"143","Elkhorn",2004,"2","Danthonia californica",4,"NPG",92,0.0434782608695652,"pt_intercept",988.511682242991,10.9049065420561
"144","Elkhorn",2004,"1","Erodium botrys",6,"EAF",124,0.0483870967741935,"pt_intercept",564.933333333333,15.2350778816199
"145","Elkhorn",2004,"2","Erodium botrys",1,"EAF",92,0.0108695652173913,"pt_intercept",564.933333333333,15.2350778816199
"146","Elkhorn",2004,"3","Erodium botrys",18,"EAF",133,0.135338345864662,"pt_intercept",564.933333333333,15.2350778816199
"147","Elkhorn",2004,"1","Geranium dissectum",8,"EAF",124,0.0645161290322581,"pt_intercept",664.852772466539,14.4785850860421
"148","Elkhorn",2004,"2","Geranium dissectum",16,"EAF",92,0.173913043478261,"pt_intercept",664.852772466539,14.4785850860421
"149","Elkhorn",2004,"3","Geranium dissectum",12,"EAF",133,0.0902255639097744,"pt_intercept",664.852772466539,14.4785850860421
"150","Elkhorn",2004,"1","Festuca perennis",21,"EAG",124,0.169354838709677,"pt_intercept",441.431876606684,15.6437017994859
"151","Elkhorn",2004,"2","Festuca perennis",23,"EAG",92,0.25,"pt_intercept",441.431876606684,15.6437017994859
"152","Elkhorn",2004,"3","Festuca perennis",56,"EAG",133,0.421052631578947,"pt_intercept",441.431876606684,15.6437017994859
"153","Elkhorn",2004,"1","Rumex acetosella",14,"EPF",124,0.112903225806452,"pt_intercept",838.833163784334,12.4772126144456
"154","Elkhorn",2004,"2","Rumex acetosella",8,"EPF",92,0.0869565217391304,"pt_intercept",838.833163784334,12.4772126144456
"155","Elkhorn",2004,"3","Rumex acetosella",1,"EPF",133,0.0075187969924812,"pt_intercept",838.833163784334,12.4772126144456
"156","Elkhorn",2004,"3","Trifolium subterraneum",1,"EAF",133,0.0075187969924812,"pt_intercept",806.716101694915,14.3432203389831
"157","Elkhorn",2004,"1","Vulpia myuros",73,"EAG",124,0.588709677419355,"pt_intercept",548.352941176471,15.146394686907
"158","Elkhorn",2004,"2","Vulpia myuros",33,"EAG",92,0.358695652173913,"pt_intercept",548.352941176471,15.146394686907
"159","Elkhorn",2004,"3","Vulpia myuros",39,"EAG",133,0.293233082706767,"pt_intercept",548.352941176471,15.146394686907
"160","Elkhorn",2005,"2","Lysimachia arvensis",1,"EAF",132,0.00757575757575758,"pt_intercept",564.268737339635,15.2142696376322
"161","Elkhorn",2005,"3","Lysimachia arvensis",1,"EAF",161,0.0062111801242236,"pt_intercept",564.268737339635,15.2142696376322
"162","Elkhorn",2005,"1","Avena barbata",1,"EAG",139,0.00719424460431655,"pt_intercept",514.22197309417,15.4567264573991
"163","Elkhorn",2005,"3","Avena barbata",1,"EAG",161,0.0062111801242236,"pt_intercept",514.22197309417,15.4567264573991
"164","Elkhorn",2005,"1","Briza minor",1,"EAG",139,0.00719424460431655,"pt_intercept",709.995305164319,14.554303599374
"165","Elkhorn",2005,"1","Bromus diandrus",8,"EAG",139,0.0575539568345324,"pt_intercept",498.418326693227,15.4565167899829
"166","Elkhorn",2005,"2","Bromus diandrus",1,"EAG",132,0.00757575757575758,"pt_intercept",498.418326693227,15.4565167899829
"167","Elkhorn",2005,"3","Bromus diandrus",11,"EAG",161,0.0683229813664596,"pt_intercept",498.418326693227,15.4565167899829
"168","Elkhorn",2005,"2","Danthonia californica",4,"NPG",132,0.0303030303030303,"pt_intercept",988.511682242991,10.9049065420561
"169","Elkhorn",2005,"3","Danthonia californica",4,"NPG",161,0.0248447204968944,"pt_intercept",988.511682242991,10.9049065420561
"170","Elkhorn",2005,"1","Erodium botrys",15,"EAF",139,0.107913669064748,"pt_intercept",564.933333333333,15.2350778816199
"171","Elkhorn",2005,"2","Erodium botrys",10,"EAF",132,0.0757575757575758,"pt_intercept",564.933333333333,15.2350778816199
"172","Elkhorn",2005,"3","Erodium botrys",29,"EAF",161,0.180124223602484,"pt_intercept",564.933333333333,15.2350778816199
"173","Elkhorn",2005,"1","Geranium dissectum",21,"EAF",139,0.151079136690647,"pt_intercept",664.852772466539,14.4785850860421
"174","Elkhorn",2005,"2","Geranium dissectum",20,"EAF",132,0.151515151515152,"pt_intercept",664.852772466539,14.4785850860421
"175","Elkhorn",2005,"3","Geranium dissectum",13,"EAF",161,0.0807453416149068,"pt_intercept",664.852772466539,14.4785850860421
"176","Elkhorn",2005,"1","Festuca perennis",9,"EAG",139,0.0647482014388489,"pt_intercept",441.431876606684,15.6437017994859
"177","Elkhorn",2005,"2","Festuca perennis",38,"EAG",132,0.287878787878788,"pt_intercept",441.431876606684,15.6437017994859
"178","Elkhorn",2005,"3","Festuca perennis",69,"EAG",161,0.428571428571429,"pt_intercept",441.431876606684,15.6437017994859
"179","Elkhorn",2005,"1","Rumex acetosella",33,"EPF",139,0.237410071942446,"pt_intercept",838.833163784334,12.4772126144456
"180","Elkhorn",2005,"2","Rumex acetosella",17,"EPF",132,0.128787878787879,"pt_intercept",838.833163784334,12.4772126144456
"181","Elkhorn",2005,"3","Rumex acetosella",2,"EPF",161,0.0124223602484472,"pt_intercept",838.833163784334,12.4772126144456
"182","Elkhorn",2005,"3","Isolepis carinata",2,"NAGr",161,0.0124223602484472,"pt_intercept",684.833333333333,14.0958333333333
"183","Elkhorn",2005,"3","Trifolium dubium",1,"EAF",161,0.0062111801242236,"pt_intercept",871.261851015801,14.1386004514673
"184","Elkhorn",2005,"2","Trifolium subterraneum",1,"EAF",132,0.00757575757575758,"pt_intercept",806.716101694915,14.3432203389831
"185","Elkhorn",2005,"3","Vicia sativa",1,"EAF",161,0.0062111801242236,"pt_intercept",686.57282051282,14.4809743589744
"186","Elkhorn",2005,"1","Vulpia myuros",51,"EAG",139,0.366906474820144,"pt_intercept",548.352941176471,15.146394686907
"187","Elkhorn",2005,"2","Vulpia myuros",40,"EAG",132,0.303030303030303,"pt_intercept",548.352941176471,15.146394686907
"188","Elkhorn",2005,"3","Vulpia myuros",27,"EAG",161,0.167701863354037,"pt_intercept",548.352941176471,15.146394686907
"189","Elkhorn",2006,"1","Lysimachia arvensis",1,"EAF",125,0.008,"pt_intercept",564.268737339635,15.2142696376322
"190","Elkhorn",2006,"1","Briza maxima",3,"EAG",125,0.024,"pt_intercept",838.76017130621,13.5872234118487
"191","Elkhorn",2006,"1","Bromus diandrus",15,"EAG",125,0.12,"pt_intercept",498.418326693227,15.4565167899829
"192","Elkhorn",2006,"2","Bromus diandrus",2,"EAG",96,0.0208333333333333,"pt_intercept",498.418326693227,15.4565167899829
"193","Elkhorn",2006,"3","Bromus diandrus",13,"EAG",101,0.128712871287129,"pt_intercept",498.418326693227,15.4565167899829
"194","Elkhorn",2006,"1","Cynosurus echinatus",2,"EAG",125,0.016,"pt_intercept",883.445196211096,13.694451962111
"195","Elkhorn",2006,"2","Cynosurus echinatus",3,"EAG",96,0.03125,"pt_intercept",883.445196211096,13.694451962111
"196","Elkhorn",2006,"2","Danthonia californica",2,"NPG",96,0.0208333333333333,"pt_intercept",988.511682242991,10.9049065420561
"197","Elkhorn",2006,"3","Danthonia californica",5,"NPG",101,0.0495049504950495,"pt_intercept",988.511682242991,10.9049065420561
"198","Elkhorn",2006,"1","Erodium botrys",2,"EAF",125,0.016,"pt_intercept",564.933333333333,15.2350778816199
"199","Elkhorn",2006,"2","Erodium botrys",7,"EAF",96,0.0729166666666667,"pt_intercept",564.933333333333,15.2350778816199
"200","Elkhorn",2006,"3","Erodium botrys",1,"EAF",101,0.0099009900990099,"pt_intercept",564.933333333333,15.2350778816199
"201","Elkhorn",2006,"1","Geranium dissectum",6,"EAF",125,0.048,"pt_intercept",664.852772466539,14.4785850860421
"202","Elkhorn",2006,"2","Geranium dissectum",7,"EAF",96,0.0729166666666667,"pt_intercept",664.852772466539,14.4785850860421
"203","Elkhorn",2006,"3","Geranium dissectum",14,"EAF",101,0.138613861386139,"pt_intercept",664.852772466539,14.4785850860421
"204","Elkhorn",2006,"1","Festuca perennis",26,"EAG",125,0.208,"pt_intercept",441.431876606684,15.6437017994859
"205","Elkhorn",2006,"2","Festuca perennis",21,"EAG",96,0.21875,"pt_intercept",441.431876606684,15.6437017994859
"206","Elkhorn",2006,"3","Festuca perennis",30,"EAG",101,0.297029702970297,"pt_intercept",441.431876606684,15.6437017994859
"207","Elkhorn",2006,"1","Rumex acetosella",5,"EPF",125,0.04,"pt_intercept",838.833163784334,12.4772126144456
"208","Elkhorn",2006,"2","Rumex acetosella",15,"EPF",96,0.15625,"pt_intercept",838.833163784334,12.4772126144456
"209","Elkhorn",2006,"1","Vulpia myuros",65,"EAG",125,0.52,"pt_intercept",548.352941176471,15.146394686907
"210","Elkhorn",2006,"2","Vulpia myuros",39,"EAG",96,0.40625,"pt_intercept",548.352941176471,15.146394686907
"211","Elkhorn",2006,"3","Vulpia myuros",38,"EAG",101,0.376237623762376,"pt_intercept",548.352941176471,15.146394686907
"212","Elkhorn",2007,"3","Briza minor",1,"EAG",133,0.0075187969924812,"pt_intercept",709.995305164319,14.554303599374
"213","Elkhorn",2007,"2","Bromus diandrus",3,"EAG",125,0.024,"pt_intercept",498.418326693227,15.4565167899829
"214","Elkhorn",2007,"3","Bromus diandrus",1,"EAG",133,0.0075187969924812,"pt_intercept",498.418326693227,15.4565167899829
"215","Elkhorn",2007,"1","Bromus hordeaceus",5,"EAG",126,0.0396825396825397,"pt_intercept",561.950407608696,15.0092391304348
"216","Elkhorn",2007,"1","Silybum marianum",10,"EPF",126,0.0793650793650794,"pt_intercept",517.689419795222,15.5681835419037
"217","Elkhorn",2007,"2","Danthonia californica",6,"NPG",125,0.048,"pt_intercept",988.511682242991,10.9049065420561
"218","Elkhorn",2007,"3","Danthonia californica",1,"NPG",133,0.0075187969924812,"pt_intercept",988.511682242991,10.9049065420561
"219","Elkhorn",2007,"1","Erodium botrys",17,"EAF",126,0.134920634920635,"pt_intercept",564.933333333333,15.2350778816199
"220","Elkhorn",2007,"2","Erodium botrys",1,"EAF",125,0.008,"pt_intercept",564.933333333333,15.2350778816199
"221","Elkhorn",2007,"3","Erodium botrys",29,"EAF",133,0.218045112781955,"pt_intercept",564.933333333333,15.2350778816199
"222","Elkhorn",2007,"1","Geranium dissectum",3,"EAF",126,0.0238095238095238,"pt_intercept",664.852772466539,14.4785850860421
"223","Elkhorn",2007,"2","Geranium dissectum",1,"EAF",125,0.008,"pt_intercept",664.852772466539,14.4785850860421
"224","Elkhorn",2007,"3","Geranium dissectum",3,"EAF",133,0.0225563909774436,"pt_intercept",664.852772466539,14.4785850860421
"225","Elkhorn",2007,"2","Juncus phaeocephalus",3,"NPGr",125,0.024,"pt_intercept",597.304761904762,13.7780952380952
"226","Elkhorn",2007,"1","Festuca perennis",4,"EAG",126,0.0317460317460317,"pt_intercept",441.431876606684,15.6437017994859
"227","Elkhorn",2007,"2","Festuca perennis",12,"EAG",125,0.096,"pt_intercept",441.431876606684,15.6437017994859
"228","Elkhorn",2007,"3","Festuca perennis",22,"EAG",133,0.165413533834586,"pt_intercept",441.431876606684,15.6437017994859
"229","Elkhorn",2007,"1","Rumex acetosella",10,"EPF",126,0.0793650793650794,"pt_intercept",838.833163784334,12.4772126144456
"230","Elkhorn",2007,"2","Rumex acetosella",14,"EPF",125,0.112,"pt_intercept",838.833163784334,12.4772126144456
"231","Elkhorn",2007,"1","Vulpia myuros",77,"EAG",126,0.611111111111111,"pt_intercept",548.352941176471,15.146394686907
"232","Elkhorn",2007,"2","Vulpia myuros",85,"EAG",125,0.68,"pt_intercept",548.352941176471,15.146394686907
"233","Elkhorn",2007,"3","Vulpia myuros",76,"EAG",133,0.571428571428571,"pt_intercept",548.352941176471,15.146394686907
"234","Elkhorn",2008,"1","Lysimachia arvensis",2,"EAF",139,0.0143884892086331,"pt_intercept",564.268737339635,15.2142696376322
"235","Elkhorn",2008,"2","Lysimachia arvensis",4,"EAF",116,0.0344827586206897,"pt_intercept",564.268737339635,15.2142696376322
"236","Elkhorn",2008,"3","Lysimachia arvensis",2,"EAF",80,0.025,"pt_intercept",564.268737339635,15.2142696376322
"237","Elkhorn",2008,"1","Bromus diandrus",9,"EAG",139,0.0647482014388489,"pt_intercept",498.418326693227,15.4565167899829
"238","Elkhorn",2008,"2","Bromus diandrus",4,"EAG",116,0.0344827586206897,"pt_intercept",498.418326693227,15.4565167899829
"239","Elkhorn",2008,"3","Bromus diandrus",3,"EAG",80,0.0375,"pt_intercept",498.418326693227,15.4565167899829
"240","Elkhorn",2008,"1","Cynosurus echinatus",1,"EAG",139,0.00719424460431655,"pt_intercept",883.445196211096,13.694451962111
"241","Elkhorn",2008,"2","Cynosurus echinatus",6,"EAG",116,0.0517241379310345,"pt_intercept",883.445196211096,13.694451962111
"242","Elkhorn",2008,"1","Erodium botrys",35,"EAF",139,0.251798561151079,"pt_intercept",564.933333333333,15.2350778816199
"243","Elkhorn",2008,"2","Erodium botrys",21,"EAF",116,0.181034482758621,"pt_intercept",564.933333333333,15.2350778816199
"244","Elkhorn",2008,"3","Erodium botrys",23,"EAF",80,0.2875,"pt_intercept",564.933333333333,15.2350778816199
"245","Elkhorn",2008,"1","Geranium dissectum",11,"EAF",139,0.079136690647482,"pt_intercept",664.852772466539,14.4785850860421
"246","Elkhorn",2008,"2","Geranium dissectum",5,"EAF",116,0.0431034482758621,"pt_intercept",664.852772466539,14.4785850860421
"247","Elkhorn",2008,"3","Geranium dissectum",5,"EAF",80,0.0625,"pt_intercept",664.852772466539,14.4785850860421
"248","Elkhorn",2008,"3","Hypochaeris glabra",2,"EAF",80,0.025,"pt_intercept",510.230492196879,15.5763505402161
"249","Elkhorn",2008,"2","Juncus phaeocephalus",4,"NPGr",116,0.0344827586206897,"pt_intercept",597.304761904762,13.7780952380952
"250","Elkhorn",2008,"1","Festuca perennis",4,"EAG",139,0.0287769784172662,"pt_intercept",441.431876606684,15.6437017994859
"251","Elkhorn",2008,"2","Festuca perennis",11,"EAG",116,0.0948275862068965,"pt_intercept",441.431876606684,15.6437017994859
"252","Elkhorn",2008,"3","Festuca perennis",7,"EAG",80,0.0875,"pt_intercept",441.431876606684,15.6437017994859
"253","Elkhorn",2008,"1","Rumex acetosella",5,"EPF",139,0.0359712230215827,"pt_intercept",838.833163784334,12.4772126144456
"254","Elkhorn",2008,"2","Rumex acetosella",11,"EPF",116,0.0948275862068965,"pt_intercept",838.833163784334,12.4772126144456
"255","Elkhorn",2008,"2","Isolepis carinata",3,"NAGr",116,0.0258620689655172,"pt_intercept",684.833333333333,14.0958333333333
"256","Elkhorn",2008,"1","Vulpia myuros",65,"EAG",139,0.467625899280576,"pt_intercept",548.352941176471,15.146394686907
"257","Elkhorn",2008,"2","Vulpia myuros",40,"EAG",116,0.344827586206897,"pt_intercept",548.352941176471,15.146394686907
"258","Elkhorn",2008,"3","Vulpia myuros",26,"EAG",80,0.325,"pt_intercept",548.352941176471,15.146394686907
"259","Elkhorn",2008,"1","Carduus pycnocephalus",7,"EAF",139,0.0503597122302158,"pt_intercept",573.587837837838,15.2348536036036
"260","Elkhorn",2008,"2","Carduus pycnocephalus",7,"EAF",116,0.0603448275862069,"pt_intercept",573.587837837838,15.2348536036036
"261","Elkhorn",2008,"3","Carduus pycnocephalus",12,"EAF",80,0.15,"pt_intercept",573.587837837838,15.2348536036036
"262","Elkhorn",2009,"1","Lysimachia arvensis",4,"EAF",121,0.0330578512396694,"pt_intercept",564.268737339635,15.2142696376322
"263","Elkhorn",2009,"2","Lysimachia arvensis",1,"EAF",115,0.00869565217391304,"pt_intercept",564.268737339635,15.2142696376322
"264","Elkhorn",2009,"1","Bromus diandrus",3,"EAG",121,0.0247933884297521,"pt_intercept",498.418326693227,15.4565167899829
"265","Elkhorn",2009,"2","Bromus diandrus",8,"EAG",115,0.0695652173913043,"pt_intercept",498.418326693227,15.4565167899829
"266","Elkhorn",2009,"3","Bromus diandrus",7,"EAG",141,0.049645390070922,"pt_intercept",498.418326693227,15.4565167899829
"267","Elkhorn",2009,"1","Carduus pycnocephalus",6,"EAF",121,0.0495867768595041,"pt_intercept",573.587837837838,15.2348536036036
"268","Elkhorn",2009,"2","Carduus pycnocephalus",9,"EAF",115,0.0782608695652174,"pt_intercept",573.587837837838,15.2348536036036
"269","Elkhorn",2009,"3","Carduus pycnocephalus",24,"EAF",141,0.170212765957447,"pt_intercept",573.587837837838,15.2348536036036
"270","Elkhorn",2009,"2","Cerastium glomeratum",1,"EAF",115,0.00869565217391304,"pt_intercept",589.6,15.0965354330709
"271","Elkhorn",2009,"1","Erodium botrys",36,"EAF",121,0.297520661157025,"pt_intercept",564.933333333333,15.2350778816199
"272","Elkhorn",2009,"2","Erodium botrys",27,"EAF",115,0.234782608695652,"pt_intercept",564.933333333333,15.2350778816199
"273","Elkhorn",2009,"3","Erodium botrys",71,"EAF",141,0.50354609929078,"pt_intercept",564.933333333333,15.2350778816199
"274","Elkhorn",2009,"3","Erodium moschatum",2,"EAF",141,0.0141843971631206,"pt_intercept",446.304812834225,15.9793582887701
"275","Elkhorn",2009,"1","Geranium dissectum",6,"EAF",121,0.0495867768595041,"pt_intercept",664.852772466539,14.4785850860421
"276","Elkhorn",2009,"2","Geranium dissectum",6,"EAF",115,0.0521739130434783,"pt_intercept",664.852772466539,14.4785850860421
"277","Elkhorn",2009,"3","Geranium dissectum",6,"EAF",141,0.0425531914893617,"pt_intercept",664.852772466539,14.4785850860421
"278","Elkhorn",2009,"2","Hypochaeris radicata",2,"EPF",115,0.0173913043478261,"pt_intercept",786.857971014493,13.971884057971
"279","Elkhorn",2009,"3","Hypochaeris radicata",2,"EPF",141,0.0141843971631206,"pt_intercept",786.857971014493,13.971884057971
"280","Elkhorn",2009,"2","Juncus phaeocephalus",4,"NPGr",115,0.0347826086956522,"pt_intercept",597.304761904762,13.7780952380952
"281","Elkhorn",2009,"1","Festuca perennis",9,"EAG",121,0.0743801652892562,"pt_intercept",441.431876606684,15.6437017994859
"282","Elkhorn",2009,"2","Festuca perennis",16,"EAG",115,0.139130434782609,"pt_intercept",441.431876606684,15.6437017994859
"283","Elkhorn",2009,"3","Festuca perennis",21,"EAG",141,0.148936170212766,"pt_intercept",441.431876606684,15.6437017994859
"284","Elkhorn",2009,"1","Phalaris aquatica",5,"EPG",121,0.0413223140495868,"pt_intercept",653.193717277487,14.5101221640489
"285","Elkhorn",2009,"1","Rumex acetosella",17,"EPF",121,0.140495867768595,"pt_intercept",838.833163784334,12.4772126144456
"286","Elkhorn",2009,"2","Rumex acetosella",12,"EPF",115,0.104347826086957,"pt_intercept",838.833163784334,12.4772126144456
"287","Elkhorn",2009,"3","Rumex acetosella",4,"EPF",141,0.0283687943262411,"pt_intercept",838.833163784334,12.4772126144456
"288","Elkhorn",2009,"1","Vulpia myuros",35,"EAG",121,0.289256198347107,"pt_intercept",548.352941176471,15.146394686907
"289","Elkhorn",2009,"2","Vulpia myuros",29,"EAG",115,0.252173913043478,"pt_intercept",548.352941176471,15.146394686907
"290","Elkhorn",2009,"3","Vulpia myuros",4,"EAG",141,0.0283687943262411,"pt_intercept",548.352941176471,15.146394686907
"291","Elkhorn",2010,"3","Avena barbata",41,"EAG",138,0.297101449275362,"pt_intercept",514.22197309417,15.4567264573991
"292","Elkhorn",2010,"2","Brachypodium distachyon",1,"EAG",84,0.0119047619047619,"pt_intercept",506.828431372549,15.8725490196078
"293","Elkhorn",2010,"1","Bromus diandrus",6,"EAG",103,0.058252427184466,"pt_intercept",498.418326693227,15.4565167899829
"294","Elkhorn",2010,"2","Bromus diandrus",5,"EAG",84,0.0595238095238095,"pt_intercept",498.418326693227,15.4565167899829
"295","Elkhorn",2010,"3","Bromus diandrus",1,"EAG",138,0.0072463768115942,"pt_intercept",498.418326693227,15.4565167899829
"296","Elkhorn",2010,"1","Carduus pycnocephalus",26,"EAF",103,0.252427184466019,"pt_intercept",573.587837837838,15.2348536036036
"297","Elkhorn",2010,"2","Carduus pycnocephalus",18,"EAF",84,0.214285714285714,"pt_intercept",573.587837837838,15.2348536036036
"298","Elkhorn",2010,"3","Carduus pycnocephalus",59,"EAF",138,0.427536231884058,"pt_intercept",573.587837837838,15.2348536036036
"299","Elkhorn",2010,"2","Danthonia californica",2,"NPG",84,0.0238095238095238,"pt_intercept",988.511682242991,10.9049065420561
"300","Elkhorn",2010,"1","Erodium botrys",10,"EAF",103,0.0970873786407767,"pt_intercept",564.933333333333,15.2350778816199
"301","Elkhorn",2010,"2","Erodium botrys",11,"EAF",84,0.130952380952381,"pt_intercept",564.933333333333,15.2350778816199
"302","Elkhorn",2010,"3","Erodium botrys",13,"EAF",138,0.0942028985507246,"pt_intercept",564.933333333333,15.2350778816199
"303","Elkhorn",2010,"1","Geranium dissectum",5,"EAF",103,0.0485436893203883,"pt_intercept",664.852772466539,14.4785850860421
"304","Elkhorn",2010,"2","Geranium dissectum",3,"EAF",84,0.0357142857142857,"pt_intercept",664.852772466539,14.4785850860421
"305","Elkhorn",2010,"3","Geranium dissectum",3,"EAF",138,0.0217391304347826,"pt_intercept",664.852772466539,14.4785850860421
"306","Elkhorn",2010,"3","Hypochaeris radicata",2,"EPF",138,0.0144927536231884,"pt_intercept",786.857971014493,13.971884057971
"307","Elkhorn",2010,"1","Festuca perennis",7,"EAG",103,0.0679611650485437,"pt_intercept",441.431876606684,15.6437017994859
"308","Elkhorn",2010,"2","Festuca perennis",4,"EAG",84,0.0476190476190476,"pt_intercept",441.431876606684,15.6437017994859
"309","Elkhorn",2010,"3","Festuca perennis",18,"EAG",138,0.130434782608696,"pt_intercept",441.431876606684,15.6437017994859
"310","Elkhorn",2010,"1","Rumex acetosella",14,"EPF",103,0.135922330097087,"pt_intercept",838.833163784334,12.4772126144456
"311","Elkhorn",2010,"2","Rumex acetosella",10,"EPF",84,0.119047619047619,"pt_intercept",838.833163784334,12.4772126144456
"312","Elkhorn",2010,"1","Vulpia myuros",35,"EAG",103,0.339805825242718,"pt_intercept",548.352941176471,15.146394686907
"313","Elkhorn",2010,"2","Vulpia myuros",30,"EAG",84,0.357142857142857,"pt_intercept",548.352941176471,15.146394686907
"314","Elkhorn",2010,"3","Vulpia myuros",1,"EAG",138,0.0072463768115942,"pt_intercept",548.352941176471,15.146394686907
"315","Elkhorn",2011,"2","Lysimachia arvensis",8,"EAF",154,0.051948051948052,"pt_intercept",564.268737339635,15.2142696376322
"316","Elkhorn",2011,"1","Bromus diandrus",14,"EAG",132,0.106060606060606,"pt_intercept",498.418326693227,15.4565167899829
"317","Elkhorn",2011,"2","Bromus diandrus",4,"EAG",154,0.025974025974026,"pt_intercept",498.418326693227,15.4565167899829
"318","Elkhorn",2011,"3","Bromus diandrus",17,"EAG",102,0.166666666666667,"pt_intercept",498.418326693227,15.4565167899829
"319","Elkhorn",2011,"3","Taraxia ovata",2,"NPF",102,0.0196078431372549,"pt_intercept",774.985959438378,13.6897815912636
"320","Elkhorn",2011,"1","Carduus pycnocephalus",50,"EAF",132,0.378787878787879,"pt_intercept",573.587837837838,15.2348536036036
"321","Elkhorn",2011,"2","Carduus pycnocephalus",64,"EAF",154,0.415584415584416,"pt_intercept",573.587837837838,15.2348536036036
"322","Elkhorn",2011,"3","Carduus pycnocephalus",62,"EAF",102,0.607843137254902,"pt_intercept",573.587837837838,15.2348536036036
"323","Elkhorn",2011,"2","Cynosurus echinatus",1,"EAG",154,0.00649350649350649,"pt_intercept",883.445196211096,13.694451962111
"324","Elkhorn",2011,"1","Erodium botrys",11,"EAF",132,0.0833333333333333,"pt_intercept",564.933333333333,15.2350778816199
"325","Elkhorn",2011,"2","Erodium botrys",25,"EAF",154,0.162337662337662,"pt_intercept",564.933333333333,15.2350778816199
"326","Elkhorn",2011,"3","Erodium botrys",11,"EAF",102,0.107843137254902,"pt_intercept",564.933333333333,15.2350778816199
"327","Elkhorn",2011,"1","Geranium dissectum",17,"EAF",132,0.128787878787879,"pt_intercept",664.852772466539,14.4785850860421
"328","Elkhorn",2011,"2","Geranium dissectum",7,"EAF",154,0.0454545454545455,"pt_intercept",664.852772466539,14.4785850860421
"329","Elkhorn",2011,"3","Geranium dissectum",3,"EAF",102,0.0294117647058824,"pt_intercept",664.852772466539,14.4785850860421
"330","Elkhorn",2011,"2","Juncus phaeocephalus",1,"NPGr",154,0.00649350649350649,"pt_intercept",597.304761904762,13.7780952380952
"331","Elkhorn",2011,"1","Festuca perennis",2,"EAG",132,0.0151515151515152,"pt_intercept",441.431876606684,15.6437017994859
"332","Elkhorn",2011,"2","Festuca perennis",4,"EAG",154,0.025974025974026,"pt_intercept",441.431876606684,15.6437017994859
"333","Elkhorn",2011,"3","Festuca perennis",6,"EAG",102,0.0588235294117647,"pt_intercept",441.431876606684,15.6437017994859
"334","Elkhorn",2011,"1","Rumex acetosella",21,"EPF",132,0.159090909090909,"pt_intercept",838.833163784334,12.4772126144456
"335","Elkhorn",2011,"2","Rumex acetosella",25,"EPF",154,0.162337662337662,"pt_intercept",838.833163784334,12.4772126144456
"336","Elkhorn",2011,"1","Vulpia myuros",17,"EAG",132,0.128787878787879,"pt_intercept",548.352941176471,15.146394686907
"337","Elkhorn",2011,"2","Vulpia myuros",15,"EAG",154,0.0974025974025974,"pt_intercept",548.352941176471,15.146394686907
"338","Elkhorn",2011,"3","Vulpia myuros",1,"EAG",102,0.00980392156862745,"pt_intercept",548.352941176471,15.146394686907
"339","Elkhorn",2012,"1","Lysimachia arvensis",2,"EAF",140,0.0142857142857143,"pt_intercept",564.268737339635,15.2142696376322
"340","Elkhorn",2012,"1","Avena barbata",11,"EAG",140,0.0785714285714286,"pt_intercept",514.22197309417,15.4567264573991
"341","Elkhorn",2012,"2","Avena barbata",7,"EAG",167,0.0419161676646707,"pt_intercept",514.22197309417,15.4567264573991
"342","Elkhorn",2012,"3","Avena barbata",9,"EAG",128,0.0703125,"pt_intercept",514.22197309417,15.4567264573991
"343","Elkhorn",2012,"2","Brachypodium distachyon",19,"EAG",167,0.11377245508982,"pt_intercept",506.828431372549,15.8725490196078
"344","Elkhorn",2012,"3","Brachypodium distachyon",1,"EAG",128,0.0078125,"pt_intercept",506.828431372549,15.8725490196078
"345","Elkhorn",2012,"1","Bromus diandrus",19,"EAG",140,0.135714285714286,"pt_intercept",498.418326693227,15.4565167899829
"346","Elkhorn",2012,"2","Bromus diandrus",4,"EAG",167,0.0239520958083832,"pt_intercept",498.418326693227,15.4565167899829
"347","Elkhorn",2012,"3","Bromus diandrus",8,"EAG",128,0.0625,"pt_intercept",498.418326693227,15.4565167899829
"348","Elkhorn",2012,"1","Carduus pycnocephalus",11,"EAF",140,0.0785714285714286,"pt_intercept",573.587837837838,15.2348536036036
"349","Elkhorn",2012,"2","Carduus pycnocephalus",18,"EAF",167,0.107784431137725,"pt_intercept",573.587837837838,15.2348536036036
"350","Elkhorn",2012,"3","Carduus pycnocephalus",50,"EAF",128,0.390625,"pt_intercept",573.587837837838,15.2348536036036
"351","Elkhorn",2012,"2","Danthonia californica",2,"NPG",167,0.0119760479041916,"pt_intercept",988.511682242991,10.9049065420561
"352","Elkhorn",2012,"1","Erodium botrys",35,"EAF",140,0.25,"pt_intercept",564.933333333333,15.2350778816199
"353","Elkhorn",2012,"2","Erodium botrys",1,"EAF",167,0.00598802395209581,"pt_intercept",564.933333333333,15.2350778816199
"354","Elkhorn",2012,"3","Erodium botrys",35,"EAF",128,0.2734375,"pt_intercept",564.933333333333,15.2350778816199
"355","Elkhorn",2012,"1","Geranium dissectum",18,"EAF",140,0.128571428571429,"pt_intercept",664.852772466539,14.4785850860421
"356","Elkhorn",2012,"2","Geranium dissectum",8,"EAF",167,0.0479041916167665,"pt_intercept",664.852772466539,14.4785850860421
"357","Elkhorn",2012,"3","Geranium dissectum",7,"EAF",128,0.0546875,"pt_intercept",664.852772466539,14.4785850860421
"358","Elkhorn",2012,"2","Juncus phaeocephalus",2,"NPGr",167,0.0119760479041916,"pt_intercept",597.304761904762,13.7780952380952
"359","Elkhorn",2012,"1","Festuca perennis",2,"EAG",140,0.0142857142857143,"pt_intercept",441.431876606684,15.6437017994859
"360","Elkhorn",2012,"2","Festuca perennis",6,"EAG",167,0.0359281437125748,"pt_intercept",441.431876606684,15.6437017994859
"361","Elkhorn",2012,"3","Festuca perennis",1,"EAG",128,0.0078125,"pt_intercept",441.431876606684,15.6437017994859
"362","Elkhorn",2012,"1","Rumex acetosella",11,"EPF",140,0.0785714285714286,"pt_intercept",838.833163784334,12.4772126144456
"363","Elkhorn",2012,"2","Rumex acetosella",37,"EPF",167,0.221556886227545,"pt_intercept",838.833163784334,12.4772126144456
"364","Elkhorn",2012,"3","Rumex acetosella",4,"EPF",128,0.03125,"pt_intercept",838.833163784334,12.4772126144456
"365","Elkhorn",2012,"1","Vulpia myuros",31,"EAG",140,0.221428571428571,"pt_intercept",548.352941176471,15.146394686907
"366","Elkhorn",2012,"2","Vulpia myuros",63,"EAG",167,0.377245508982036,"pt_intercept",548.352941176471,15.146394686907
"367","Elkhorn",2012,"3","Vulpia myuros",13,"EAG",128,0.1015625,"pt_intercept",548.352941176471,15.146394686907
"368","Elkhorn",2013,"1","Lysimachia arvensis",9,"EAF",138,0.0652173913043478,"pt_intercept",564.268737339635,15.2142696376322
"369","Elkhorn",2013,"2","Lysimachia arvensis",4,"EAF",154,0.025974025974026,"pt_intercept",564.268737339635,15.2142696376322
"370","Elkhorn",2013,"3","Lysimachia arvensis",1,"EAF",140,0.00714285714285714,"pt_intercept",564.268737339635,15.2142696376322
"371","Elkhorn",2013,"1","Avena barbata",7,"EAG",138,0.0507246376811594,"pt_intercept",514.22197309417,15.4567264573991
"372","Elkhorn",2013,"2","Avena barbata",6,"EAG",154,0.038961038961039,"pt_intercept",514.22197309417,15.4567264573991
"373","Elkhorn",2013,"3","Avena barbata",4,"EAG",140,0.0285714285714286,"pt_intercept",514.22197309417,15.4567264573991
"374","Elkhorn",2013,"2","Brachypodium distachyon",5,"EAG",154,0.0324675324675325,"pt_intercept",506.828431372549,15.8725490196078
"375","Elkhorn",2013,"3","Brachypodium distachyon",5,"EAG",140,0.0357142857142857,"pt_intercept",506.828431372549,15.8725490196078
"376","Elkhorn",2013,"1","Briza minor",7,"EAG",138,0.0507246376811594,"pt_intercept",709.995305164319,14.554303599374
"377","Elkhorn",2013,"1","Bromus diandrus",10,"EAG",138,0.072463768115942,"pt_intercept",498.418326693227,15.4565167899829
"378","Elkhorn",2013,"2","Bromus diandrus",6,"EAG",154,0.038961038961039,"pt_intercept",498.418326693227,15.4565167899829
"379","Elkhorn",2013,"3","Bromus diandrus",29,"EAG",140,0.207142857142857,"pt_intercept",498.418326693227,15.4565167899829
"380","Elkhorn",2013,"1","Carduus pycnocephalus",5,"EAF",138,0.036231884057971,"pt_intercept",573.587837837838,15.2348536036036
"381","Elkhorn",2013,"2","Carduus pycnocephalus",7,"EAF",154,0.0454545454545455,"pt_intercept",573.587837837838,15.2348536036036
"382","Elkhorn",2013,"3","Carduus pycnocephalus",1,"EAF",140,0.00714285714285714,"pt_intercept",573.587837837838,15.2348536036036
"383","Elkhorn",2013,"2","Cerastium glomeratum",1,"EAF",154,0.00649350649350649,"pt_intercept",589.6,15.0965354330709
"384","Elkhorn",2013,"1","Cynosurus echinatus",3,"EAG",138,0.0217391304347826,"pt_intercept",883.445196211096,13.694451962111
"385","Elkhorn",2013,"2","Cynosurus echinatus",2,"EAG",154,0.012987012987013,"pt_intercept",883.445196211096,13.694451962111
"386","Elkhorn",2013,"1","Erodium botrys",21,"EAF",138,0.152173913043478,"pt_intercept",564.933333333333,15.2350778816199
"387","Elkhorn",2013,"2","Erodium botrys",29,"EAF",154,0.188311688311688,"pt_intercept",564.933333333333,15.2350778816199
"388","Elkhorn",2013,"3","Erodium botrys",45,"EAF",140,0.321428571428571,"pt_intercept",564.933333333333,15.2350778816199
"389","Elkhorn",2013,"1","Geranium dissectum",11,"EAF",138,0.0797101449275362,"pt_intercept",664.852772466539,14.4785850860421
"390","Elkhorn",2013,"2","Geranium dissectum",4,"EAF",154,0.025974025974026,"pt_intercept",664.852772466539,14.4785850860421
"391","Elkhorn",2013,"3","Geranium dissectum",4,"EAF",140,0.0285714285714286,"pt_intercept",664.852772466539,14.4785850860421
"392","Elkhorn",2013,"3","Hypochaeris glabra",1,"EAF",140,0.00714285714285714,"pt_intercept",510.230492196879,15.5763505402161
"393","Elkhorn",2013,"2","Juncus phaeocephalus",3,"NPGr",154,0.0194805194805195,"pt_intercept",597.304761904762,13.7780952380952
"394","Elkhorn",2013,"1","Festuca perennis",4,"EAG",138,0.0289855072463768,"pt_intercept",441.431876606684,15.6437017994859
"395","Elkhorn",2013,"2","Festuca perennis",6,"EAG",154,0.038961038961039,"pt_intercept",441.431876606684,15.6437017994859
"396","Elkhorn",2013,"3","Festuca perennis",8,"EAG",140,0.0571428571428571,"pt_intercept",441.431876606684,15.6437017994859
"397","Elkhorn",2013,"1","Plantago lanceolata",1,"EPF",138,0.0072463768115942,"pt_intercept",676.417842323651,14.2629045643154
"398","Elkhorn",2013,"1","Rumex acetosella",6,"EPF",138,0.0434782608695652,"pt_intercept",838.833163784334,12.4772126144456
"399","Elkhorn",2013,"2","Rumex acetosella",11,"EPF",154,0.0714285714285714,"pt_intercept",838.833163784334,12.4772126144456
"400","Elkhorn",2013,"3","Rumex acetosella",4,"EPF",140,0.0285714285714286,"pt_intercept",838.833163784334,12.4772126144456
"401","Elkhorn",2013,"1","Sonchus oleraceus",1,"EAF",138,0.0072463768115942,"pt_intercept",414.757556270096,16.5724115755627
"402","Elkhorn",2013,"1","Vulpia myuros",53,"EAG",138,0.384057971014493,"pt_intercept",548.352941176471,15.146394686907
"403","Elkhorn",2013,"2","Vulpia myuros",70,"EAG",154,0.454545454545455,"pt_intercept",548.352941176471,15.146394686907
"404","Elkhorn",2013,"3","Vulpia myuros",38,"EAG",140,0.271428571428571,"pt_intercept",548.352941176471,15.146394686907
"405","Elkhorn",2014,"1","Avena barbata",8,"EAG",88,0.0909090909090909,"pt_intercept",514.22197309417,15.4567264573991
"406","Elkhorn",2014,"2","Avena barbata",2,"EAG",54,0.037037037037037,"pt_intercept",514.22197309417,15.4567264573991
"407","Elkhorn",2014,"2","Brachypodium distachyon",8,"EAG",54,0.148148148148148,"pt_intercept",506.828431372549,15.8725490196078
"408","Elkhorn",2014,"3","Brachypodium distachyon",12,"EAG",54,0.222222222222222,"pt_intercept",506.828431372549,15.8725490196078
"409","Elkhorn",2014,"1","Bromus diandrus",10,"EAG",88,0.113636363636364,"pt_intercept",498.418326693227,15.4565167899829
"410","Elkhorn",2014,"2","Bromus diandrus",17,"EAG",54,0.314814814814815,"pt_intercept",498.418326693227,15.4565167899829
"411","Elkhorn",2014,"3","Bromus diandrus",20,"EAG",54,0.37037037037037,"pt_intercept",498.418326693227,15.4565167899829
"412","Elkhorn",2014,"1","Carduus pycnocephalus",3,"EAF",88,0.0340909090909091,"pt_intercept",573.587837837838,15.2348536036036
"413","Elkhorn",2014,"2","Carduus pycnocephalus",1,"EAF",54,0.0185185185185185,"pt_intercept",573.587837837838,15.2348536036036
"414","Elkhorn",2014,"3","Convolvulus arvensis",1,"EPF",54,0.0185185185185185,"pt_intercept",521.826446280992,15.1289256198347
"415","Elkhorn",2014,"1","Erodium botrys",18,"EAF",88,0.204545454545455,"pt_intercept",564.933333333333,15.2350778816199
"416","Elkhorn",2014,"2","Erodium botrys",8,"EAF",54,0.148148148148148,"pt_intercept",564.933333333333,15.2350778816199
"417","Elkhorn",2014,"3","Erodium botrys",1,"EAF",54,0.0185185185185185,"pt_intercept",564.933333333333,15.2350778816199
"418","Elkhorn",2014,"1","Geranium dissectum",4,"EAF",88,0.0454545454545455,"pt_intercept",664.852772466539,14.4785850860421
"419","Elkhorn",2014,"1","Hypochaeris glabra",1,"EAF",88,0.0113636363636364,"pt_intercept",510.230492196879,15.5763505402161
"420","Elkhorn",2014,"2","Juncus phaeocephalus",2,"NPGr",54,0.037037037037037,"pt_intercept",597.304761904762,13.7780952380952
"421","Elkhorn",2014,"1","Festuca perennis",2,"EAG",88,0.0227272727272727,"pt_intercept",441.431876606684,15.6437017994859
"422","Elkhorn",2014,"3","Festuca perennis",2,"EAG",54,0.037037037037037,"pt_intercept",441.431876606684,15.6437017994859
"423","Elkhorn",2014,"1","Rumex acetosella",2,"EPF",88,0.0227272727272727,"pt_intercept",838.833163784334,12.4772126144456
"424","Elkhorn",2014,"2","Rumex acetosella",6,"EPF",54,0.111111111111111,"pt_intercept",838.833163784334,12.4772126144456
"425","Elkhorn",2014,"3","Rumex acetosella",5,"EPF",54,0.0925925925925926,"pt_intercept",838.833163784334,12.4772126144456
"426","Elkhorn",2014,"1","Sonchus asper",2,"EAF",88,0.0227272727272727,"pt_intercept",494.587844254511,15.194301994302
"427","Elkhorn",2014,"1","Vulpia myuros",38,"EAG",88,0.431818181818182,"pt_intercept",548.352941176471,15.146394686907
"428","Elkhorn",2014,"2","Vulpia myuros",10,"EAG",54,0.185185185185185,"pt_intercept",548.352941176471,15.146394686907
"429","Elkhorn",2014,"3","Vulpia myuros",13,"EAG",54,0.240740740740741,"pt_intercept",548.352941176471,15.146394686907
"430","Elkhorn",2015,"1","Avena barbata",28,"EAG",157,0.178343949044586,"pt_intercept",514.22197309417,15.4567264573991
"431","Elkhorn",2015,"2","Avena barbata",18,"EAG",137,0.131386861313869,"pt_intercept",514.22197309417,15.4567264573991
"432","Elkhorn",2015,"3","Avena barbata",14,"EAG",127,0.110236220472441,"pt_intercept",514.22197309417,15.4567264573991
"433","Elkhorn",2015,"2","Brachypodium distachyon",28,"EAG",137,0.204379562043796,"pt_intercept",506.828431372549,15.8725490196078
"434","Elkhorn",2015,"3","Brachypodium distachyon",85,"EAG",127,0.669291338582677,"pt_intercept",506.828431372549,15.8725490196078
"435","Elkhorn",2015,"1","Bromus diandrus",39,"EAG",157,0.248407643312102,"pt_intercept",498.418326693227,15.4565167899829
"436","Elkhorn",2015,"2","Bromus diandrus",12,"EAG",137,0.0875912408759124,"pt_intercept",498.418326693227,15.4565167899829
"437","Elkhorn",2015,"3","Bromus diandrus",9,"EAG",127,0.0708661417322835,"pt_intercept",498.418326693227,15.4565167899829
"438","Elkhorn",2015,"1","Carduus pycnocephalus",4,"EAF",157,0.0254777070063694,"pt_intercept",573.587837837838,15.2348536036036
"439","Elkhorn",2015,"2","Carduus pycnocephalus",9,"EAF",137,0.0656934306569343,"pt_intercept",573.587837837838,15.2348536036036
"440","Elkhorn",2015,"3","Carduus pycnocephalus",1,"EAF",127,0.0078740157480315,"pt_intercept",573.587837837838,15.2348536036036
"441","Elkhorn",2015,"1","Convolvulus arvensis",1,"EPF",157,0.00636942675159236,"pt_intercept",521.826446280992,15.1289256198347
"442","Elkhorn",2015,"3","Convolvulus arvensis",1,"EPF",127,0.0078740157480315,"pt_intercept",521.826446280992,15.1289256198347
"443","Elkhorn",2015,"1","Erodium botrys",31,"EAF",157,0.197452229299363,"pt_intercept",564.933333333333,15.2350778816199
"444","Elkhorn",2015,"2","Erodium botrys",19,"EAF",137,0.138686131386861,"pt_intercept",564.933333333333,15.2350778816199
"445","Elkhorn",2015,"3","Erodium botrys",2,"EAF",127,0.015748031496063,"pt_intercept",564.933333333333,15.2350778816199
"446","Elkhorn",2015,"1","Geranium dissectum",6,"EAF",157,0.0382165605095541,"pt_intercept",664.852772466539,14.4785850860421
"447","Elkhorn",2015,"2","Geranium dissectum",2,"EAF",137,0.0145985401459854,"pt_intercept",664.852772466539,14.4785850860421
"448","Elkhorn",2015,"3","Geranium dissectum",1,"EAF",127,0.0078740157480315,"pt_intercept",664.852772466539,14.4785850860421
"449","Elkhorn",2015,"1","Hypochaeris glabra",1,"EAF",157,0.00636942675159236,"pt_intercept",510.230492196879,15.5763505402161
"450","Elkhorn",2015,"2","Hypochaeris glabra",11,"EAF",137,0.0802919708029197,"pt_intercept",510.230492196879,15.5763505402161
"451","Elkhorn",2015,"3","Hypochaeris glabra",1,"EAF",127,0.0078740157480315,"pt_intercept",510.230492196879,15.5763505402161
"452","Elkhorn",2015,"1","Festuca perennis",10,"EAG",157,0.0636942675159236,"pt_intercept",441.431876606684,15.6437017994859
"453","Elkhorn",2015,"2","Festuca perennis",3,"EAG",137,0.0218978102189781,"pt_intercept",441.431876606684,15.6437017994859
"454","Elkhorn",2015,"1","Rumex acetosella",8,"EPF",157,0.0509554140127389,"pt_intercept",838.833163784334,12.4772126144456
"455","Elkhorn",2015,"2","Rumex acetosella",30,"EPF",137,0.218978102189781,"pt_intercept",838.833163784334,12.4772126144456
"456","Elkhorn",2015,"3","Rumex acetosella",4,"EPF",127,0.031496062992126,"pt_intercept",838.833163784334,12.4772126144456
"457","Elkhorn",2015,"2","Sonchus oleraceus",1,"EAF",137,0.0072992700729927,"pt_intercept",414.757556270096,16.5724115755627
"458","Elkhorn",2015,"1","Vulpia myuros",29,"EAG",157,0.184713375796178,"pt_intercept",548.352941176471,15.146394686907
"459","Elkhorn",2015,"2","Vulpia myuros",4,"EAG",137,0.0291970802919708,"pt_intercept",548.352941176471,15.146394686907
"460","Elkhorn",2015,"3","Vulpia myuros",9,"EAG",127,0.0708661417322835,"pt_intercept",548.352941176471,15.146394686907
"461","Elkhorn",2016,"1","Lysimachia arvensis",4,"EAF",145,0.0275862068965517,"pt_intercept",564.268737339635,15.2142696376322
"462","Elkhorn",2016,"2","Lysimachia arvensis",1,"EAF",146,0.00684931506849315,"pt_intercept",564.268737339635,15.2142696376322
"463","Elkhorn",2016,"3","Lysimachia arvensis",7,"EAF",110,0.0636363636363636,"pt_intercept",564.268737339635,15.2142696376322
"464","Elkhorn",2016,"1","Avena barbata",21,"EAG",145,0.144827586206897,"pt_intercept",514.22197309417,15.4567264573991
"465","Elkhorn",2016,"2","Avena barbata",7,"EAG",146,0.0479452054794521,"pt_intercept",514.22197309417,15.4567264573991
"466","Elkhorn",2016,"1","Brachypodium distachyon",1,"EAG",145,0.00689655172413793,"pt_intercept",506.828431372549,15.8725490196078
"467","Elkhorn",2016,"2","Brachypodium distachyon",30,"EAG",146,0.205479452054795,"pt_intercept",506.828431372549,15.8725490196078
"468","Elkhorn",2016,"3","Brachypodium distachyon",31,"EAG",110,0.281818181818182,"pt_intercept",506.828431372549,15.8725490196078
"469","Elkhorn",2016,"1","Bromus diandrus",21,"EAG",145,0.144827586206897,"pt_intercept",498.418326693227,15.4565167899829
"470","Elkhorn",2016,"2","Bromus diandrus",30,"EAG",146,0.205479452054795,"pt_intercept",498.418326693227,15.4565167899829
"471","Elkhorn",2016,"3","Bromus diandrus",9,"EAG",110,0.0818181818181818,"pt_intercept",498.418326693227,15.4565167899829
"472","Elkhorn",2016,"1","Carduus pycnocephalus",2,"EAF",145,0.0137931034482759,"pt_intercept",573.587837837838,15.2348536036036
"473","Elkhorn",2016,"2","Carduus pycnocephalus",3,"EAF",146,0.0205479452054795,"pt_intercept",573.587837837838,15.2348536036036
"474","Elkhorn",2016,"3","Carduus pycnocephalus",1,"EAF",110,0.00909090909090909,"pt_intercept",573.587837837838,15.2348536036036
"475","Elkhorn",2016,"2","Cerastium glomeratum",1,"EAF",146,0.00684931506849315,"pt_intercept",589.6,15.0965354330709
"476","Elkhorn",2016,"3","Cynosurus echinatus",1,"EAG",110,0.00909090909090909,"pt_intercept",883.445196211096,13.694451962111
"477","Elkhorn",2016,"1","Erodium botrys",34,"EAF",145,0.23448275862069,"pt_intercept",564.933333333333,15.2350778816199
"478","Elkhorn",2016,"2","Erodium botrys",22,"EAF",146,0.150684931506849,"pt_intercept",564.933333333333,15.2350778816199
"479","Elkhorn",2016,"3","Erodium botrys",14,"EAF",110,0.127272727272727,"pt_intercept",564.933333333333,15.2350778816199
"480","Elkhorn",2016,"1","Geranium dissectum",10,"EAF",145,0.0689655172413793,"pt_intercept",664.852772466539,14.4785850860421
"481","Elkhorn",2016,"2","Geranium dissectum",18,"EAF",146,0.123287671232877,"pt_intercept",664.852772466539,14.4785850860421
"482","Elkhorn",2016,"3","Geranium dissectum",1,"EAF",110,0.00909090909090909,"pt_intercept",664.852772466539,14.4785850860421
"483","Elkhorn",2016,"1","Hypochaeris glabra",11,"EAF",145,0.0758620689655172,"pt_intercept",510.230492196879,15.5763505402161
"484","Elkhorn",2016,"2","Hypochaeris glabra",7,"EAF",146,0.0479452054794521,"pt_intercept",510.230492196879,15.5763505402161
"485","Elkhorn",2016,"3","Hypochaeris glabra",4,"EAF",110,0.0363636363636364,"pt_intercept",510.230492196879,15.5763505402161
"486","Elkhorn",2016,"2","Juncus phaeocephalus",1,"NPGr",146,0.00684931506849315,"pt_intercept",597.304761904762,13.7780952380952
"487","Elkhorn",2016,"1","Festuca perennis",5,"EAG",145,0.0344827586206897,"pt_intercept",441.431876606684,15.6437017994859
"488","Elkhorn",2016,"2","Festuca perennis",4,"EAG",146,0.0273972602739726,"pt_intercept",441.431876606684,15.6437017994859
"489","Elkhorn",2016,"3","Festuca perennis",11,"EAG",110,0.1,"pt_intercept",441.431876606684,15.6437017994859
"490","Elkhorn",2016,"2","Plantago lanceolata",1,"EPF",146,0.00684931506849315,"pt_intercept",676.417842323651,14.2629045643154
"491","Elkhorn",2016,"1","Rumex acetosella",1,"EPF",145,0.00689655172413793,"pt_intercept",838.833163784334,12.4772126144456
"492","Elkhorn",2016,"2","Rumex acetosella",14,"EPF",146,0.0958904109589041,"pt_intercept",838.833163784334,12.4772126144456
"493","Elkhorn",2016,"3","Rumex acetosella",3,"EPF",110,0.0272727272727273,"pt_intercept",838.833163784334,12.4772126144456
"494","Elkhorn",2016,"1","Isolepis carinata",2,"NAGr",145,0.0137931034482759,"pt_intercept",684.833333333333,14.0958333333333
"495","Elkhorn",2016,"1","Sonchus oleraceus",7,"EAF",145,0.0482758620689655,"pt_intercept",414.757556270096,16.5724115755627
"496","Elkhorn",2016,"1","Vulpia myuros",26,"EAG",145,0.179310344827586,"pt_intercept",548.352941176471,15.146394686907
"497","Elkhorn",2016,"2","Vulpia myuros",7,"EAG",146,0.0479452054794521,"pt_intercept",548.352941176471,15.146394686907
"498","Elkhorn",2016,"3","Vulpia myuros",28,"EAG",110,0.254545454545455,"pt_intercept",548.352941176471,15.146394686907
"499","Elkhorn",2017,"1","Lysimachia arvensis",2,"EAF",117,0.0170940170940171,"pt_intercept",564.268737339635,15.2142696376322
"500","Elkhorn",2017,"2","Avena barbata",1,"EAG",87,0.0114942528735632,"pt_intercept",514.22197309417,15.4567264573991
"501","Elkhorn",2017,"3","Avena barbata",2,"EAG",46,0.0434782608695652,"pt_intercept",514.22197309417,15.4567264573991
"502","Elkhorn",2017,"1","Brachypodium distachyon",2,"EAG",117,0.0170940170940171,"pt_intercept",506.828431372549,15.8725490196078
"503","Elkhorn",2017,"2","Brachypodium distachyon",34,"EAG",87,0.390804597701149,"pt_intercept",506.828431372549,15.8725490196078
"504","Elkhorn",2017,"3","Brachypodium distachyon",9,"EAG",46,0.195652173913043,"pt_intercept",506.828431372549,15.8725490196078
"505","Elkhorn",2017,"1","Brassica species",1,"EAF",117,0.00854700854700855,"pt_intercept",441.18513363029,15.9643374164811
"506","Elkhorn",2017,"1","Bromus diandrus",27,"EAG",117,0.230769230769231,"pt_intercept",498.418326693227,15.4565167899829
"507","Elkhorn",2017,"2","Bromus diandrus",20,"EAG",87,0.229885057471264,"pt_intercept",498.418326693227,15.4565167899829
"508","Elkhorn",2017,"3","Bromus diandrus",6,"EAG",46,0.130434782608696,"pt_intercept",498.418326693227,15.4565167899829
"509","Elkhorn",2017,"1","Carduus pycnocephalus",12,"EAF",117,0.102564102564103,"pt_intercept",573.587837837838,15.2348536036036
"510","Elkhorn",2017,"2","Carduus pycnocephalus",2,"EAF",87,0.0229885057471264,"pt_intercept",573.587837837838,15.2348536036036
"511","Elkhorn",2017,"3","Carduus pycnocephalus",6,"EAF",46,0.130434782608696,"pt_intercept",573.587837837838,15.2348536036036
"512","Elkhorn",2017,"1","Cynosurus echinatus",1,"EAG",117,0.00854700854700855,"pt_intercept",883.445196211096,13.694451962111
"513","Elkhorn",2017,"1","Erodium botrys",16,"EAF",117,0.136752136752137,"pt_intercept",564.933333333333,15.2350778816199
"514","Elkhorn",2017,"1","Geranium dissectum",5,"EAF",117,0.0427350427350427,"pt_intercept",664.852772466539,14.4785850860421
"515","Elkhorn",2017,"2","Geranium dissectum",18,"EAF",87,0.206896551724138,"pt_intercept",664.852772466539,14.4785850860421
"516","Elkhorn",2017,"3","Geranium dissectum",1,"EAF",46,0.0217391304347826,"pt_intercept",664.852772466539,14.4785850860421
"517","Elkhorn",2017,"2","Juncus phaeocephalus",1,"NPGr",87,0.0114942528735632,"pt_intercept",597.304761904762,13.7780952380952
"518","Elkhorn",2017,"1","Festuca perennis",3,"EAG",117,0.0256410256410256,"pt_intercept",441.431876606684,15.6437017994859
"519","Elkhorn",2017,"1","Rumex acetosella",19,"EPF",117,0.162393162393162,"pt_intercept",838.833163784334,12.4772126144456
"520","Elkhorn",2017,"2","Rumex acetosella",2,"EPF",87,0.0229885057471264,"pt_intercept",838.833163784334,12.4772126144456
"521","Elkhorn",2017,"3","Rumex acetosella",1,"EPF",46,0.0217391304347826,"pt_intercept",838.833163784334,12.4772126144456
"522","Elkhorn",2017,"1","Isolepis carinata",4,"NAGr",117,0.0341880341880342,"pt_intercept",684.833333333333,14.0958333333333
"523","Elkhorn",2017,"1","Vulpia myuros",25,"EAG",117,0.213675213675214,"pt_intercept",548.352941176471,15.146394686907
"524","Elkhorn",2017,"2","Vulpia myuros",9,"EAG",87,0.103448275862069,"pt_intercept",548.352941176471,15.146394686907
"525","Elkhorn",2017,"3","Vulpia myuros",21,"EAG",46,0.456521739130435,"pt_intercept",548.352941176471,15.146394686907
"526","Elkhorn",2018,"2","Lysimachia arvensis",1,"EAF",113,0.00884955752212389,"pt_intercept",564.268737339635,15.2142696376322
"527","Elkhorn",2018,"3","Lysimachia arvensis",1,"EAF",133,0.0075187969924812,"pt_intercept",564.268737339635,15.2142696376322
"528","Elkhorn",2018,"1","Avena barbata",4,"EAG",146,0.0273972602739726,"pt_intercept",514.22197309417,15.4567264573991
"529","Elkhorn",2018,"2","Avena barbata",4,"EAG",113,0.0353982300884956,"pt_intercept",514.22197309417,15.4567264573991
"530","Elkhorn",2018,"3","Avena barbata",11,"EAG",133,0.0827067669172932,"pt_intercept",514.22197309417,15.4567264573991
"531","Elkhorn",2018,"2","Brachypodium distachyon",14,"EAG",113,0.123893805309735,"pt_intercept",506.828431372549,15.8725490196078
"532","Elkhorn",2018,"3","Brachypodium distachyon",2,"EAG",133,0.0150375939849624,"pt_intercept",506.828431372549,15.8725490196078
"533","Elkhorn",2018,"3","Briza minor",1,"EAG",133,0.0075187969924812,"pt_intercept",709.995305164319,14.554303599374
"534","Elkhorn",2018,"1","Bromus diandrus",16,"EAG",146,0.10958904109589,"pt_intercept",498.418326693227,15.4565167899829
"535","Elkhorn",2018,"2","Bromus diandrus",32,"EAG",113,0.283185840707965,"pt_intercept",498.418326693227,15.4565167899829
"536","Elkhorn",2018,"3","Bromus diandrus",3,"EAG",133,0.0225563909774436,"pt_intercept",498.418326693227,15.4565167899829
"537","Elkhorn",2018,"1","Carduus pycnocephalus",8,"EAF",146,0.0547945205479452,"pt_intercept",573.587837837838,15.2348536036036
"538","Elkhorn",2018,"2","Carduus pycnocephalus",2,"EAF",113,0.0176991150442478,"pt_intercept",573.587837837838,15.2348536036036
"539","Elkhorn",2018,"3","Carduus pycnocephalus",21,"EAF",133,0.157894736842105,"pt_intercept",573.587837837838,15.2348536036036
"540","Elkhorn",2018,"1","Erodium botrys",51,"EAF",146,0.349315068493151,"pt_intercept",564.933333333333,15.2350778816199
"541","Elkhorn",2018,"2","Erodium botrys",10,"EAF",113,0.0884955752212389,"pt_intercept",564.933333333333,15.2350778816199
"542","Elkhorn",2018,"3","Erodium botrys",42,"EAF",133,0.315789473684211,"pt_intercept",564.933333333333,15.2350778816199
"543","Elkhorn",2018,"1","Geranium dissectum",2,"EAF",146,0.0136986301369863,"pt_intercept",664.852772466539,14.4785850860421
"544","Elkhorn",2018,"2","Geranium dissectum",2,"EAF",113,0.0176991150442478,"pt_intercept",664.852772466539,14.4785850860421
"545","Elkhorn",2018,"3","Geranium dissectum",6,"EAF",133,0.0451127819548872,"pt_intercept",664.852772466539,14.4785850860421
"546","Elkhorn",2018,"1","Hypochaeris glabra",1,"EAF",146,0.00684931506849315,"pt_intercept",510.230492196879,15.5763505402161
"547","Elkhorn",2018,"1","Hypochaeris radicata",11,"EPF",146,0.0753424657534247,"pt_intercept",786.857971014493,13.971884057971
"548","Elkhorn",2018,"1","Festuca perennis",3,"EAG",146,0.0205479452054795,"pt_intercept",441.431876606684,15.6437017994859
"549","Elkhorn",2018,"3","Festuca perennis",2,"EAG",133,0.0150375939849624,"pt_intercept",441.431876606684,15.6437017994859
"550","Elkhorn",2018,"3","Stipa pulchra",1,"NPG",133,0.0075187969924812,"pt_intercept",393.952941176471,15.7955882352941
"551","Elkhorn",2018,"1","Plantago lanceolata",1,"EPF",146,0.00684931506849315,"pt_intercept",676.417842323651,14.2629045643154
"552","Elkhorn",2018,"1","Rumex acetosella",13,"EPF",146,0.089041095890411,"pt_intercept",838.833163784334,12.4772126144456
"553","Elkhorn",2018,"2","Rumex acetosella",14,"EPF",113,0.123893805309735,"pt_intercept",838.833163784334,12.4772126144456
"554","Elkhorn",2018,"1","Sonchus asper",14,"EAF",146,0.0958904109589041,"pt_intercept",494.587844254511,15.194301994302
"555","Elkhorn",2018,"1","Vulpia myuros",22,"EAG",146,0.150684931506849,"pt_intercept",548.352941176471,15.146394686907
"556","Elkhorn",2018,"2","Vulpia myuros",34,"EAG",113,0.300884955752212,"pt_intercept",548.352941176471,15.146394686907
"557","Elkhorn",2018,"3","Vulpia myuros",43,"EAG",133,0.323308270676692,"pt_intercept",548.352941176471,15.146394686907
